epoch,train_loss,validation_loss,validation_macro_f1,validation_accuracy,architecture,regime,seed
1,0.9517352848564176,1.374833618283076,0.5149511281992942,0.5697865353037767,resnet50,balanced_ce,1337
2,0.6125078419390378,0.6828151759255696,0.7572425682721949,0.7339901477832512,resnet50,balanced_ce,1337
3,0.5761581260625842,0.2869432180269647,0.903425735077068,0.8850574712643678,resnet50,balanced_ce,1337
4,0.4022243319161118,0.4323884302074294,0.8586426090154927,0.8456486042692939,resnet50,balanced_ce,1337
5,0.3564988452384677,0.3042573482532219,0.8764475686202399,0.8719211822660099,resnet50,balanced_ce,1337
6,0.2633931853754449,0.1898203424876938,0.9180083162978508,0.9261083743842364,resnet50,balanced_ce,1337
7,0.2227644536362695,0.1063213445588775,0.9668751997801716,0.9655172413793104,resnet50,balanced_ce,1337
8,0.1971204382987768,0.4920440020875707,0.8713226895390083,0.8686371100164204,resnet50,balanced_ce,1337
9,0.1696164303889697,0.1024475089214705,0.9729287107779048,0.9704433497536946,resnet50,balanced_ce,1337
10,0.1533271827366733,0.1543530252424171,0.962075542199664,0.9589490968801314,resnet50,balanced_ce,1337
11,0.109498905385918,0.0828559004544159,0.9722486101351788,0.9671592775041052,resnet50,balanced_ce,1337
12,0.1354672177899334,0.0499751609413653,0.9881680880826016,0.9885057471264368,resnet50,balanced_ce,1337
13,0.1407052919553406,0.1680844024524141,0.9499781620221314,0.9376026272577996,resnet50,balanced_ce,1337
14,0.1029403594497637,0.0799318818751667,0.97066835433918,0.9720853858784894,resnet50,balanced_ce,1337
15,0.0828583044548288,0.0539160660958936,0.9828373514409444,0.9786535303776684,resnet50,balanced_ce,1337
16,0.0854971147235646,0.1638587591267375,0.940059205500382,0.942528735632184,resnet50,balanced_ce,1337
17,0.0628131301091535,0.0291494837422899,0.9957253035599688,0.9950738916256158,resnet50,balanced_ce,1337
18,0.0499344672262995,0.0439209009641067,0.9855422262581848,0.9819376026272578,resnet50,balanced_ce,1337
19,0.0639037093534731,0.1453761097362222,0.9579224640965712,0.9507389162561576,resnet50,balanced_ce,1337
20,0.0387237810269521,0.0313826512593686,0.9914502935336268,0.9901477832512317,resnet50,balanced_ce,1337
21,0.0447473160894293,0.1371298407025525,0.9512214856580712,0.9523809523809524,resnet50,balanced_ce,1337
22,0.0494745719092709,0.0297744056864868,0.9862356061545364,0.9885057471264368,resnet50,balanced_ce,1337
23,0.0325169667673603,0.0100415742418606,0.9972092340383988,0.9967159277504104,resnet50,balanced_ce,1337
24,0.0247665216809921,0.0273736893399717,0.9883009838593274,0.986863711001642,resnet50,balanced_ce,1337
25,0.0145256111356601,0.0324679582367522,0.9942356444514716,0.993431855500821,resnet50,balanced_ce,1337
26,0.0137467815263707,0.0503024582511,0.9883009838593274,0.986863711001642,resnet50,balanced_ce,1337
27,0.0102878110791001,0.0210300934078915,0.9942356444514716,0.993431855500821,resnet50,balanced_ce,1337
28,0.020458347297706,0.0145500490299691,0.9957205176030116,0.9950738916256158,resnet50,balanced_ce,1337
29,0.0117663088892971,0.0081884415569058,0.9986922643188564,0.9983579638752051,resnet50,balanced_ce,1337
30,0.0042133175439146,0.0114340463812871,0.9957205176030116,0.9950738916256158,resnet50,balanced_ce,1337
31,0.0084858789019182,0.0111807836187171,0.9972060312628028,0.9967159277504104,resnet50,balanced_ce,1337
32,0.0052876742980001,0.0053779374051946,0.9986922643188564,0.9983579638752051,resnet50,balanced_ce,1337
33,0.0079918616536128,0.0068137084552272,0.9986922643188564,0.9983579638752051,resnet50,balanced_ce,1337
34,0.0033821591544741,0.0090795997732371,0.9986922643188564,0.9983579638752051,resnet50,balanced_ce,1337
1,0.9389283333386184,0.6927205743069328,0.751669219283093,0.7422003284072249,resnet50,balanced_ce,2025
2,0.6795370287551612,0.390661729784141,0.8683369811253121,0.8489326765188834,resnet50,balanced_ce,2025
3,0.4954012107922448,0.3336026967550538,0.8946355702276149,0.8752052545155994,resnet50,balanced_ce,2025
4,0.3867763027889238,0.683133743024945,0.748023222127804,0.7569786535303776,resnet50,balanced_ce,2025
5,0.3714714999043879,0.8238913156478307,0.7074229456715846,0.7372742200328407,resnet50,balanced_ce,2025
6,0.2885893438109614,0.1629074400868909,0.9492798118111384,0.9392446633825944,resnet50,balanced_ce,2025
7,0.2345908994074446,0.0951965736150313,0.9531055480555732,0.9605911330049262,resnet50,balanced_ce,2025
8,0.210892813530978,0.0870180708678876,0.9674447237797312,0.9688013136289,resnet50,balanced_ce,2025
9,0.1745974496059342,0.7118400376418541,0.7350609881931658,0.7307060755336617,resnet50,balanced_ce,2025
10,0.1349377788249763,0.1613490297767069,0.9467883630109992,0.942528735632184,resnet50,balanced_ce,2025
11,0.1327047406042711,0.483822122297658,0.8859850790945484,0.8735632183908046,resnet50,balanced_ce,2025
12,0.1075125793820027,0.1196924107354164,0.9630836759603046,0.9622331691297208,resnet50,balanced_ce,2025
13,0.1326781292555621,0.0740560698559987,0.9803953037243284,0.9819376026272578,resnet50,balanced_ce,2025
14,0.0975630314670411,0.1314170575335206,0.9611535149291588,0.9540229885057472,resnet50,balanced_ce,2025
15,0.0972842876116871,0.0249229271126341,0.9957297345925512,0.9950738916256158,resnet50,balanced_ce,2025
16,0.0822374772653638,0.0790311997486446,0.974878408146609,0.9704433497536946,resnet50,balanced_ce,2025
17,0.073916066259879,0.0214388843377087,0.9972111671748652,0.9967159277504104,resnet50,balanced_ce,2025
18,0.0754525434374743,0.0554147123776633,0.9795812486367106,0.9786535303776684,resnet50,balanced_ce,2025
19,0.0373248933917582,0.044914108855506,0.987150584720004,0.9852216748768472,resnet50,balanced_ce,2025
20,0.0557134550981393,0.0471985913742003,0.987508472982842,0.986863711001642,resnet50,balanced_ce,2025
21,0.05327401396807,0.0463481888493097,0.985360153756236,0.9852216748768472,resnet50,balanced_ce,2025
22,0.0299633103505477,0.0452262094023765,0.9869722209625692,0.9852216748768472,resnet50,balanced_ce,2025
23,0.0440763702870613,0.0422157230978133,0.987441655066846,0.9852216748768472,resnet50,balanced_ce,2025
24,0.0139248430828755,0.0149257185736948,0.9959126139958896,0.9950738916256158,resnet50,balanced_ce,2025
25,0.0221855032218657,0.0191702589425744,0.9958930818063944,0.9950738916256158,resnet50,balanced_ce,2025
1,0.928745322885329,0.9627881488580812,0.6066522732644719,0.6748768472906403,resnet50,balanced_ce,27182
2,0.6561795619962923,0.4757303636649559,0.8344794527486917,0.80623973727422,resnet50,balanced_ce,27182
3,0.440139679691913,1.8761226156075013,0.664505335655583,0.6502463054187192,resnet50,balanced_ce,27182
4,0.4357009150650882,0.2768461502880494,0.8897381848272206,0.8653530377668309,resnet50,balanced_ce,27182
5,0.2918833515372762,0.4253726143432759,0.8928161312371838,0.8817733990147784,resnet50,balanced_ce,27182
6,0.2452105589381211,0.2930099253140524,0.884625601545866,0.8752052545155994,resnet50,balanced_ce,27182
7,0.1907479588616711,0.5910119730948619,0.7767545514230517,0.7471264367816092,resnet50,balanced_ce,27182
8,0.1979189304428695,0.5045740735428087,0.8484426682002294,0.8357963875205254,resnet50,balanced_ce,27182
9,0.1678952421253196,0.1680878509227522,0.9338765918025008,0.9277504105090312,resnet50,balanced_ce,27182
10,0.1464971869725649,0.2153601075640355,0.904796420653445,0.9146141215106732,resnet50,balanced_ce,27182
11,0.1440806330978765,0.1887695207099259,0.9437368395111536,0.9326765188834154,resnet50,balanced_ce,27182
12,0.1288095424393673,0.0633675388747914,0.9845380106171472,0.9819376026272578,resnet50,balanced_ce,27182
13,0.0922539834466702,0.3355194559238227,0.8892686332319228,0.8784893267651889,resnet50,balanced_ce,27182
14,0.144988020530432,0.1185152338092951,0.9626112200572916,0.9573070607553368,resnet50,balanced_ce,27182
15,0.1154702227948943,0.089869182839017,0.9687922640065098,0.9688013136289,resnet50,balanced_ce,27182
16,0.0910299421351907,0.0457285067853357,0.9908196564950504,0.9885057471264368,resnet50,balanced_ce,27182
17,0.0607154736416463,0.1992914024231021,0.9304346035970616,0.9195402298850576,resnet50,balanced_ce,27182
18,0.0632767512161867,0.0276107386531452,0.993118849292718,0.9917898193760264,resnet50,balanced_ce,27182
19,0.0469792770635932,0.2733380250871328,0.9216502882095128,0.909688013136289,resnet50,balanced_ce,27182
20,0.0540868644640242,0.028536779558468,0.9916531385281384,0.9901477832512317,resnet50,balanced_ce,27182
21,0.030347630598088,0.0389119373792497,0.9940726711560044,0.993431855500821,resnet50,balanced_ce,27182
22,0.0259699099899109,0.0142104263236157,0.9970363355780022,0.9967159277504104,resnet50,balanced_ce,27182
23,0.025585882279282,0.0390763850374168,0.9874216332555656,0.9852216748768472,resnet50,balanced_ce,27182
24,0.0283775545544766,0.0225027261392866,0.9955555555555556,0.9950738916256158,resnet50,balanced_ce,27182
25,0.0144350413257593,0.0153463759452786,0.9944587261027886,0.9950738916256158,resnet50,balanced_ce,27182
26,0.0113154766384286,0.0532514719347933,0.9865612383718836,0.9852216748768472,resnet50,balanced_ce,27182
27,0.0138482289911928,0.0379551641774144,0.9887712161356615,0.986863711001642,resnet50,balanced_ce,27182
28,0.0142516159914681,0.0077100834714895,0.9970363355780022,0.9967159277504104,resnet50,balanced_ce,27182
29,0.0091174926629772,0.0205549942156522,0.9955555555555556,0.9950738916256158,resnet50,balanced_ce,27182
30,0.0094680828753812,0.0204414813380722,0.9940753724802804,0.993431855500821,resnet50,balanced_ce,27182
31,0.0052735643010518,0.0194773821026192,0.9942356444514716,0.993431855500821,resnet50,balanced_ce,27182
32,0.0045414625290373,0.0151480948781397,0.9955555555555556,0.9950738916256158,resnet50,balanced_ce,27182
33,0.0033484310256268,0.0135001787314241,0.9955555555555556,0.9950738916256158,resnet50,balanced_ce,27182
34,0.0030866644115771,0.0149675548812202,0.9955555555555556,0.9950738916256158,resnet50,balanced_ce,27182
1,0.924369351138968,0.7329378472564647,0.7265415848966374,0.7192118226600985,resnet50,balanced_ce,31415
2,0.7359333746253083,0.4730931968720284,0.7814899103676004,0.7471264367816092,resnet50,balanced_ce,31415
3,0.4937055236635392,0.2826899140247423,0.9078998723020998,0.8981937602627258,resnet50,balanced_ce,31415
4,0.3768856351740121,0.5358882796000964,0.792317334983659,0.7865353037766831,resnet50,balanced_ce,31415
5,0.3410866569603265,0.801074060802585,0.7793866272571471,0.7996715927750411,resnet50,balanced_ce,31415
6,0.2621824454653661,0.2146972507874562,0.9380134025039546,0.9261083743842364,resnet50,balanced_ce,31415
7,0.2230108477332365,0.0947060989857688,0.9751654065711796,0.9704433497536946,resnet50,balanced_ce,31415
8,0.2134374912520494,0.1894738154152442,0.9265432197755848,0.9326765188834154,resnet50,balanced_ce,31415
9,0.1621521056549515,0.2968208006596917,0.8931472614210044,0.8801313628899836,resnet50,balanced_ce,31415
10,0.2429227111733441,0.1981796096209039,0.9308061964142678,0.9261083743842364,resnet50,balanced_ce,31415
11,0.1661273082394172,0.1924455284656366,0.9228806686135256,0.9195402298850576,resnet50,balanced_ce,31415
12,0.1104358290070062,0.1928705222635531,0.8979364661799493,0.9064039408866996,resnet50,balanced_ce,31415
13,0.1227050252324248,0.0651095636077729,0.977829282510998,0.9770114942528736,resnet50,balanced_ce,31415
14,0.0985182279082561,0.0468986074635927,0.98611057110729,0.9835796387520526,resnet50,balanced_ce,31415
15,0.112078913504189,0.16949178346704,0.9328451065729272,0.9244663382594416,resnet50,balanced_ce,31415
16,0.0747099920262718,0.7591466524612238,0.7919003638005402,0.7947454844006568,resnet50,balanced_ce,31415
17,0.0715610990988218,0.4542895215142928,0.8746691758712437,0.8669950738916257,resnet50,balanced_ce,31415
18,0.0797531487855582,0.058537355645546,0.9818015120152844,0.9802955665024632,resnet50,balanced_ce,31415
19,0.0488378796819761,0.0817775201470054,0.9740832355551068,0.9720853858784894,resnet50,balanced_ce,31415
20,0.0453206703154904,0.0760761469844208,0.9645413576039444,0.9688013136289,resnet50,balanced_ce,31415
21,0.0608333931279144,0.0890567646650918,0.9680509447578918,0.9605911330049262,resnet50,balanced_ce,31415
22,0.0282003252976942,0.0439069865983322,0.9815885117778872,0.9770114942528736,resnet50,balanced_ce,31415
1,0.9176869980165954,0.578875881501998,0.7813631881950885,0.7717569786535303,resnet50,balanced_ce,42
2,0.7151631764242645,0.6308276563246653,0.7870896723294873,0.7783251231527094,resnet50,balanced_ce,42
3,0.529504142274756,0.282695139154229,0.9264961509966304,0.9178981937602628,resnet50,balanced_ce,42
4,0.3878695031146802,4.208139609820737,0.4792530936425202,0.5024630541871922,resnet50,balanced_ce,42
5,0.3907002166934927,0.2741003558896054,0.8917243499000468,0.896551724137931,resnet50,balanced_ce,42
6,0.3183294673586143,0.1470132733042213,0.9663511164688448,0.9638752052545156,resnet50,balanced_ce,42
7,0.2070081322651965,0.222579548903091,0.9262167158136576,0.9113300492610836,resnet50,balanced_ce,42
8,0.2315606660604058,0.1360920181341946,0.959976076054067,0.9573070607553368,resnet50,balanced_ce,42
9,0.1623016272074099,0.1515840263412642,0.9577998987760488,0.9523809523809524,resnet50,balanced_ce,42
10,0.2013501955166799,0.1771148817953217,0.9366863941935076,0.9277504105090312,resnet50,balanced_ce,42
11,0.1618963041210216,0.1222891746569051,0.9694263050129271,0.9671592775041052,resnet50,balanced_ce,42
12,0.1392853749290711,0.0711429949134147,0.9782104465758358,0.9786535303776684,resnet50,balanced_ce,42
13,0.1347995538532943,0.4994800603690087,0.8432862721355289,0.8111658456486043,resnet50,balanced_ce,42
14,0.1020511126122805,0.2622026367986252,0.9004385446631049,0.8899835796387521,resnet50,balanced_ce,42
15,0.094675567634862,0.0980202629282433,0.9719337898678015,0.9688013136289,resnet50,balanced_ce,42
16,0.0644291837094106,0.0787715340210568,0.9803714480761504,0.9786535303776684,resnet50,balanced_ce,42
17,0.069042356205803,0.1077746280130363,0.960486843376526,0.9540229885057472,resnet50,balanced_ce,42
18,0.0694307978899236,0.1715902522198564,0.9448663746952604,0.9392446633825944,resnet50,balanced_ce,42
19,0.0909687530908566,0.0414238268439161,0.98740381106521,0.986863711001642,resnet50,balanced_ce,42
20,0.0566583867967194,0.0109453170727277,0.9985177908945,0.9983579638752051,resnet50,balanced_ce,42
21,0.0443155606185218,0.0213401996366578,0.994426588159032,0.993431855500821,resnet50,balanced_ce,42
22,0.0286297131664494,0.0157050520926273,0.9985177908945,0.9983579638752051,resnet50,balanced_ce,42
23,0.0400467616947848,0.0716845539352326,0.9788871855245996,0.973727422003284,resnet50,balanced_ce,42
24,0.0310595455662116,0.013160270873984,0.9958994372226762,0.9950738916256158,resnet50,balanced_ce,42
25,0.0297828616990351,0.0450963033611758,0.9859408070299734,0.9835796387520526,resnet50,balanced_ce,42
26,0.0154800935145483,0.0070428926076404,0.9972060312628028,0.9967159277504104,resnet50,balanced_ce,42
27,0.0107760859065752,0.0218514664790868,0.9919465402242218,0.9901477832512317,resnet50,balanced_ce,42
28,0.0040497857146374,0.0220821759677285,0.9942356444514716,0.993431855500821,resnet50,balanced_ce,42
1,1.5242366888820602,1.1422643224985534,0.2705562431628479,0.3940886699507389,resnet50,focal_loss,1337
2,1.0305630848780667,0.860532283978705,0.4805640684067706,0.5977011494252874,resnet50,focal_loss,1337
3,0.6942370817615194,0.4707804203816431,0.7932712103607917,0.7848932676518884,resnet50,focal_loss,1337
4,0.5110847908708878,0.4934068313373133,0.7285298313073415,0.729064039408867,resnet50,focal_loss,1337
5,0.486216245049542,0.4883967066437544,0.7483297094639996,0.7405582922824302,resnet50,focal_loss,1337
6,0.4507704889313408,0.4265148876531566,0.7825900442464842,0.7733990147783252,resnet50,focal_loss,1337
7,0.4103609296789487,0.3923699296949728,0.7944902551465777,0.7816091954022989,resnet50,focal_loss,1337
8,0.4037404918607802,0.4259283926295138,0.7654076609106348,0.7586206896551724,resnet50,focal_loss,1337
9,0.389736573683566,0.3835096578488404,0.8124660961092659,0.7931034482758621,resnet50,focal_loss,1337
10,0.3525810051676678,0.4151292178039676,0.7958073718930144,0.7898193760262726,resnet50,focal_loss,1337
11,0.3780449071437487,0.3979815974807112,0.7942031854279759,0.7865353037766831,resnet50,focal_loss,1337
12,0.3444802306238922,0.4074647802437467,0.8001202617253744,0.7816091954022989,resnet50,focal_loss,1337
13,0.3518533171375522,0.3301437889609626,0.8517662445159782,0.8357963875205254,resnet50,focal_loss,1337
14,0.3275536095530371,0.352187334952879,0.835707028159635,0.825944170771757,resnet50,focal_loss,1337
15,0.3236432137619213,0.3943185965807371,0.8279730739910506,0.8160919540229885,resnet50,focal_loss,1337
16,0.3066575156364374,0.3253064032258658,0.8552192439634915,0.8440065681444991,resnet50,focal_loss,1337
17,0.3052594741639437,0.3530340848493654,0.8439710590558153,0.8308702791461412,resnet50,focal_loss,1337
18,0.3057209197896646,0.2889627588206324,0.8631124321199592,0.8522167487684729,resnet50,focal_loss,1337
19,0.308938510032446,0.281177136013269,0.8608358645675721,0.8555008210180624,resnet50,focal_loss,1337
20,0.2896112542475045,0.3323455367769514,0.8390478612797176,0.825944170771757,resnet50,focal_loss,1337
21,0.2865303169863923,0.3648172331169517,0.8179373772505154,0.80623973727422,resnet50,focal_loss,1337
22,0.2897703123846875,0.396485813341313,0.8067355801513143,0.8013136288998358,resnet50,focal_loss,1337
23,0.2714868620771306,0.3165221800553583,0.8522402554616691,0.8423645320197044,resnet50,focal_loss,1337
24,0.2932591996995343,0.3302001283673817,0.8386349689373322,0.8275862068965517,resnet50,focal_loss,1337
25,0.2643411012336952,0.3325103816923445,0.852000737173646,0.8407224958949097,resnet50,focal_loss,1337
26,0.2793379443077295,0.3120196100526255,0.8542229753564647,0.8423645320197044,resnet50,focal_loss,1337
1,1.1716338967606557,1.044849349751653,0.2808143615094858,0.438423645320197,resnet50,focal_loss,2025
2,0.9920148251764804,0.8215399553818852,0.4891116094096343,0.5648604269293924,resnet50,focal_loss,2025
3,0.6734824273414478,0.4810484831752056,0.7955037607367407,0.7898193760262726,resnet50,focal_loss,2025
4,0.5085752404427486,0.4686215699012643,0.7917852055291339,0.7766830870279147,resnet50,focal_loss,2025
5,0.4738429075280476,0.3837643440916816,0.8197360741897106,0.8029556650246306,resnet50,focal_loss,2025
6,0.4388181850445082,0.4861111934549115,0.7529886960627983,0.7422003284072249,resnet50,focal_loss,2025
7,0.4187039678880326,0.3987912591455018,0.8095582094898144,0.7931034482758621,resnet50,focal_loss,2025
8,0.3926215508910181,0.4249392193917962,0.7842593540853396,0.7619047619047619,resnet50,focal_loss,2025
9,0.3737516613542929,0.3052225385001923,0.8274589516540711,0.819376026272578,resnet50,focal_loss,2025
10,0.3586117287092762,0.3307631041224562,0.8413124362168891,0.8210180623973727,resnet50,focal_loss,2025
11,0.3562920515063777,0.3336475744036031,0.8365904365904366,0.8210180623973727,resnet50,focal_loss,2025
12,0.3417226666096853,0.2797151242179432,0.861358884878005,0.8456486042692939,resnet50,focal_loss,2025
13,0.3333717133856406,0.2779528845119946,0.8563254783054217,0.8390804597701149,resnet50,focal_loss,2025
14,0.3142518155813636,0.3191402936216646,0.8417268474788033,0.825944170771757,resnet50,focal_loss,2025
15,0.308422232920759,0.334071153979779,0.8367559745487572,0.8177339901477833,resnet50,focal_loss,2025
16,0.3226890550975431,0.3262047290019018,0.8342752466113122,0.8095238095238095,resnet50,focal_loss,2025
17,0.309389033478886,0.2621061930124004,0.8702267140641715,0.8522167487684729,resnet50,focal_loss,2025
18,0.2876659605069403,0.2824380823544093,0.8618844845962543,0.8456486042692939,resnet50,focal_loss,2025
19,0.2831871985813017,0.2835433897126484,0.8610906511553194,0.8423645320197044,resnet50,focal_loss,2025
20,0.2917365571526525,0.244524915230098,0.8885939254943368,0.8735632183908046,resnet50,focal_loss,2025
21,0.2768551694749738,0.2651445725672742,0.8667205765879931,0.8472906403940886,resnet50,focal_loss,2025
22,0.2716674620007379,0.319523726141903,0.8479799330120379,0.8275862068965517,resnet50,focal_loss,2025
23,0.2819695224242386,0.27632665247557,0.8744386069335873,0.8555008210180624,resnet50,focal_loss,2025
24,0.2745915412483818,0.2737843604217022,0.8798365079392897,0.8620689655172413,resnet50,focal_loss,2025
25,0.2665496177644009,0.2609200528494047,0.8846684156400377,0.8669950738916257,resnet50,focal_loss,2025
26,0.2631680838672054,0.2416054187051964,0.8888355006218644,0.8735632183908046,resnet50,focal_loss,2025
27,0.2600804239459113,0.3064574096198935,0.8471399429486662,0.8275862068965517,resnet50,focal_loss,2025
28,0.2563439559643214,0.2830120637303307,0.860311652383319,0.8390804597701149,resnet50,focal_loss,2025
29,0.2661465395733007,0.2607534425501361,0.8687771261284125,0.8489326765188834,resnet50,focal_loss,2025
30,0.2569424251156658,0.2753183663576499,0.8601578287450325,0.8423645320197044,resnet50,focal_loss,2025
31,0.2586261877380901,0.2799999855324161,0.8710688962338464,0.8505747126436781,resnet50,focal_loss,2025
32,0.2817767666178135,0.293115072453942,0.8569795159576891,0.8374384236453202,resnet50,focal_loss,2025
33,0.2501550431620257,0.2201734964287731,0.8954708862232554,0.8784893267651889,resnet50,focal_loss,2025
34,0.2598741704391109,0.2416239133707212,0.8857740713484508,0.8686371100164204,resnet50,focal_loss,2025
1,1.3250699712019185,1.0646736921348008,0.3094913209136222,0.5057471264367817,resnet50,focal_loss,27182
2,1.027634408101047,0.9014259148113832,0.4107350425833379,0.5599343185550082,resnet50,focal_loss,27182
3,0.7518202326943041,0.4997264608765275,0.8039217098408443,0.7898193760262726,resnet50,focal_loss,27182
4,0.5109497199787616,0.4348292603281331,0.7772484362244452,0.7668308702791461,resnet50,focal_loss,27182
5,0.4647898424698305,0.3559637762642846,0.8271321692698393,0.8144499178981938,resnet50,focal_loss,27182
6,0.4267448452947848,0.4256479244905544,0.7794414231251305,0.7701149425287356,resnet50,focal_loss,27182
7,0.4229843257914947,0.3550833436264389,0.8563377950194242,0.8456486042692939,resnet50,focal_loss,27182
8,0.3892641096521555,0.3685870301743055,0.7928852716094161,0.7914614121510674,resnet50,focal_loss,27182
9,0.3956218717177848,0.4607989582522162,0.7824791593339906,0.7717569786535303,resnet50,focal_loss,27182
10,0.3630227026076225,0.3783056095903143,0.8255090734091369,0.8095238095238095,resnet50,focal_loss,27182
11,0.3719327199228618,0.3561814990145428,0.8315220729624481,0.812807881773399,resnet50,focal_loss,27182
12,0.3491191264300857,0.3477511010537985,0.8188076419265738,0.8029556650246306,resnet50,focal_loss,27182
13,0.3324163731665519,0.3387540285223223,0.8381077944946487,0.8243021346469622,resnet50,focal_loss,27182
14,0.3090616350747998,0.4360039633483135,0.8132086852822882,0.7963875205254516,resnet50,focal_loss,27182
15,0.3297370392534561,0.2340459335222228,0.8965952753389578,0.8866995073891626,resnet50,focal_loss,27182
16,0.2982330587710563,0.3529154680828351,0.8355550477288077,0.8210180623973727,resnet50,focal_loss,27182
17,0.3008627973719515,0.296329896438298,0.864677477334381,0.8472906403940886,resnet50,focal_loss,27182
18,0.2848103732394418,0.2600514494335318,0.8865265351118794,0.8719211822660099,resnet50,focal_loss,27182
19,0.2801648230224795,0.2684847408131817,0.8799444850013809,0.8637110016420362,resnet50,focal_loss,27182
20,0.2840594054106459,0.348063422051948,0.8552626385280779,0.8325123152709359,resnet50,focal_loss,27182
21,0.2648193559034847,0.3742725503659992,0.8467017243598132,0.8292282430213465,resnet50,focal_loss,27182
22,0.2790138813963255,0.3142614620072501,0.8613979647102394,0.8423645320197044,resnet50,focal_loss,27182
23,0.2637257271156579,0.2872588167636852,0.868771136955537,0.8505747126436781,resnet50,focal_loss,27182
1,1.1815157093775503,1.043655827127654,0.3116466592347562,0.4991789819376026,resnet50,focal_loss,31415
2,0.986617072835329,0.8125419235973327,0.468132117941372,0.6059113300492611,resnet50,focal_loss,31415
3,0.6829258592141324,0.4484985688049805,0.7986277806317035,0.7848932676518884,resnet50,focal_loss,31415
4,0.4931585012818891,0.4320375938916637,0.7573222362196774,0.7504105090311987,resnet50,focal_loss,31415
5,0.4468236710673267,0.3976764258101264,0.7860742606405324,0.7701149425287356,resnet50,focal_loss,31415
6,0.4291553471021367,0.3568199933651829,0.8127454995822766,0.7980295566502463,resnet50,focal_loss,31415
7,0.3980217362015863,0.3172716313395007,0.845110171729363,0.8325123152709359,resnet50,focal_loss,31415
8,0.364801592189943,0.3738725458459901,0.8026050293816567,0.7914614121510674,resnet50,focal_loss,31415
9,0.3495690569203013,0.3222940670837126,0.8175524893353898,0.8045977011494253,resnet50,focal_loss,31415
10,0.3563493917822209,0.3727678355129286,0.7999319969210034,0.7881773399014779,resnet50,focal_loss,31415
11,0.3312555106536785,0.3457233688514221,0.8125733449323911,0.7996715927750411,resnet50,focal_loss,31415
12,0.3390403421670984,0.2887090517969554,0.8426671229708836,0.8243021346469622,resnet50,focal_loss,31415
13,0.3158476486147393,0.2623031343928307,0.8644879473503182,0.8522167487684729,resnet50,focal_loss,31415
14,0.3231772813729955,0.2153393095741522,0.8782195809874552,0.8686371100164204,resnet50,focal_loss,31415
15,0.2938698191477251,0.3087545523698302,0.8352467916787285,0.8243021346469622,resnet50,focal_loss,31415
16,0.2876975381102,0.3024070061290597,0.8419835358564777,0.8308702791461412,resnet50,focal_loss,31415
17,0.2963632327810532,0.2325675642157618,0.8827452893720571,0.8719211822660099,resnet50,focal_loss,31415
18,0.2914890022499909,0.317829144754629,0.8439862017526606,0.8325123152709359,resnet50,focal_loss,31415
19,0.2807766746605217,0.3238922283175739,0.8338134193117281,0.819376026272578,resnet50,focal_loss,31415
20,0.2898752655421493,0.2392387154018154,0.8777266855678415,0.8653530377668309,resnet50,focal_loss,31415
21,0.2649009655408155,0.2526506035785957,0.858341583216343,0.8423645320197044,resnet50,focal_loss,31415
22,0.2696875656950034,0.3091453323614813,0.836524623667984,0.8226600985221675,resnet50,focal_loss,31415
23,0.2529794552780832,0.2703772109913317,0.8700939778196964,0.8571428571428571,resnet50,focal_loss,31415
24,0.2566803119513607,0.2333719783473289,0.8778867264625385,0.8637110016420362,resnet50,focal_loss,31415
25,0.2639947370192288,0.276306520492964,0.8460680619117478,0.8341543513957307,resnet50,focal_loss,31415
1,1.2675106155851394,1.08428543541819,0.2895796174807493,0.4039408866995074,resnet50,focal_loss,42
2,1.0254270626706692,0.9238068781462796,0.4860565665311975,0.6108374384236454,resnet50,focal_loss,42
3,0.8151462310437368,0.5899626082191718,0.6747429016875328,0.7372742200328407,resnet50,focal_loss,42
4,0.5834621558708969,0.4576602538035225,0.7730233787959283,0.7635467980295566,resnet50,focal_loss,42
5,0.4684997264446399,0.3945494788425113,0.7812226199993961,0.7733990147783252,resnet50,focal_loss,42
6,0.4326746852253359,0.4077095856220264,0.7973667550795717,0.7865353037766831,resnet50,focal_loss,42
7,0.3937050917027076,0.4132849250129486,0.7512858345408142,0.7586206896551724,resnet50,focal_loss,42
8,0.3876148343190996,0.314533278076911,0.8425561448973166,0.8325123152709359,resnet50,focal_loss,42
9,0.3632531065932476,0.4125178284050013,0.7769643291913018,0.7684729064039408,resnet50,focal_loss,42
10,0.3644972993011843,0.3674344874563671,0.7816009037590878,0.7783251231527094,resnet50,focal_loss,42
11,0.3485005727656486,0.2724974724557403,0.8465170763531477,0.8357963875205254,resnet50,focal_loss,42
12,0.3459091234814722,0.3528755469666717,0.7980090873633203,0.7832512315270936,resnet50,focal_loss,42
13,0.3432683635627448,0.3961914433242848,0.7865900900402691,0.7733990147783252,resnet50,focal_loss,42
14,0.3280639988257302,0.4432801932145417,0.7697684536142625,0.7619047619047619,resnet50,focal_loss,42
15,0.3044611742710187,0.3571809109404365,0.810497550991924,0.7931034482758621,resnet50,focal_loss,42
16,0.3065973544267443,0.3621953015256985,0.8162367727563213,0.8013136288998358,resnet50,focal_loss,42
17,0.2907443139433651,0.3917819499382244,0.8054122652637005,0.7980295566502463,resnet50,focal_loss,42
18,0.2916576972169071,0.3468242482647716,0.8363051367329845,0.819376026272578,resnet50,focal_loss,42
19,0.2769642646471938,0.3059896850722959,0.8459379078472468,0.8325123152709359,resnet50,focal_loss,42
1,0.995453734389508,0.970815663267239,0.4874952014911738,0.6042692939244664,resnet50,standard_ce,1337
2,0.7302715059742986,0.5007271715768649,0.840678536524282,0.8160919540229885,resnet50,standard_ce,1337
3,0.5071780139721132,0.4694390371992377,0.8326248288904097,0.819376026272578,resnet50,standard_ce,1337
4,0.3828982775366369,0.4603470229162958,0.8523476140717519,0.8325123152709359,resnet50,standard_ce,1337
5,0.3821604501750641,0.3069425402407967,0.894511528224563,0.8784893267651889,resnet50,standard_ce,1337
6,0.3666502796283715,0.1674201906657179,0.9494411357584902,0.9490968801313628,resnet50,standard_ce,1337
7,0.2800387019798919,0.0887411077474725,0.9715937783032084,0.9688013136289,resnet50,standard_ce,1337
8,0.201173983998793,0.0957300148671875,0.9673217404391264,0.9622331691297208,resnet50,standard_ce,1337
9,0.1672884056380637,0.1362229826231601,0.9486970418663956,0.947454844006568,resnet50,standard_ce,1337
10,0.1586249593560222,0.0711888711844465,0.9741844628157694,0.9770114942528736,resnet50,standard_ce,1337
11,0.1534743264847826,0.1693760781061081,0.9517050558016494,0.942528735632184,resnet50,standard_ce,1337
12,0.1047303025373413,0.0431773250093698,0.9892341060089336,0.9885057471264368,resnet50,standard_ce,1337
13,0.1393844313497257,0.0803121249648331,0.9767930498121986,0.973727422003284,resnet50,standard_ce,1337
14,0.0729825060195919,0.1107514113019953,0.963415780220302,0.9622331691297208,resnet50,standard_ce,1337
15,0.0834407760409772,0.0402731412787706,0.9855481904546792,0.9885057471264368,resnet50,standard_ce,1337
16,0.094600016088184,0.0822884718679527,0.9729933499381066,0.9704433497536946,resnet50,standard_ce,1337
17,0.0573034462975649,0.0210958250365502,0.9932633919198806,0.9917898193760264,resnet50,standard_ce,1337
18,0.073428553360128,0.0483670707483132,0.9847452195801808,0.9835796387520526,resnet50,standard_ce,1337
19,0.0763729937772327,0.0235637575876363,0.9946360530693568,0.9950738916256158,resnet50,standard_ce,1337
20,0.0585244434085299,0.0210517998467457,0.9959003656594678,0.9950738916256158,resnet50,standard_ce,1337
21,0.0413686625053042,0.2484668741378878,0.909493287101342,0.8998357963875205,resnet50,standard_ce,1337
22,0.0364810562888995,0.0711035806064804,0.9709630130141588,0.9770114942528736,resnet50,standard_ce,1337
23,0.0295630779522037,0.0735005371764605,0.9757214877144372,0.9720853858784894,resnet50,standard_ce,1337
24,0.0224714519907368,0.0421846833812834,0.9879872859294402,0.9852216748768472,resnet50,standard_ce,1337
25,0.0139621784555789,0.0248957547932813,0.9944646242311904,0.993431855500821,resnet50,standard_ce,1337
26,0.0156820249622434,0.0254047339857052,0.9917154043037816,0.9901477832512317,resnet50,standard_ce,1337
27,0.007671383810426,0.0114693700439432,0.9973833732057416,0.9967159277504104,resnet50,standard_ce,1337
28,0.0097085232938404,0.0046037190810695,1.0,1.0,resnet50,standard_ce,1337
29,0.00484995404754,0.008789756530156,0.9972060312628028,0.9967159277504104,resnet50,standard_ce,1337
30,0.0134746740902577,0.0042069850146177,1.0,1.0,resnet50,standard_ce,1337
31,0.0033222282530275,0.0069667411637312,0.9986922643188564,0.9983579638752051,resnet50,standard_ce,1337
32,0.0044441895317597,0.0089432450328408,0.9957205176030116,0.9950738916256158,resnet50,standard_ce,1337
33,0.0053668320276603,0.0075598282123799,0.9986922643188564,0.9983579638752051,resnet50,standard_ce,1337
34,0.0041575957380729,0.005579651262233,1.0,1.0,resnet50,standard_ce,1337
1,0.9428049894963082,0.4710900245237429,0.8212706375015979,0.812807881773399,resnet50,standard_ce,2025
2,0.6875690318369069,0.4568109657181112,0.836827444314682,0.8308702791461412,resnet50,standard_ce,2025
3,0.5376591267401388,0.3998494202084534,0.8728508006025932,0.8604269293924466,resnet50,standard_ce,2025
4,0.3870148644820249,0.4062023263414885,0.8485516089573261,0.8489326765188834,resnet50,standard_ce,2025
5,0.3288555883263976,0.1543680078209315,0.9326209363691412,0.9359605911330048,resnet50,standard_ce,2025
6,0.2552919312552115,0.3930942208700383,0.9118298710030583,0.9014778325123152,resnet50,standard_ce,2025
7,0.206964468103236,0.1012431505749427,0.9652668811594792,0.9605911330049262,resnet50,standard_ce,2025
8,0.1838201795500066,0.7783019376310026,0.7854655078959024,0.7766830870279147,resnet50,standard_ce,2025
9,0.2217908165000235,0.064005346617039,0.973598289649666,0.9770114942528736,resnet50,standard_ce,2025
10,0.1726564072530801,0.2548627965702799,0.8950235633931285,0.909688013136289,resnet50,standard_ce,2025
11,0.1553676930274192,0.2129833115505059,0.9268593941650533,0.9195402298850576,resnet50,standard_ce,2025
12,0.1430042353817155,0.0656713313116861,0.984957833848862,0.9819376026272578,resnet50,standard_ce,2025
13,0.1392372546079184,0.0503410629332463,0.9847338934570284,0.9819376026272578,resnet50,standard_ce,2025
14,0.134728421843717,0.069159054616772,0.982501777444707,0.9802955665024632,resnet50,standard_ce,2025
15,0.0632387224755042,0.0331140881960933,0.988824676016873,0.986863711001642,resnet50,standard_ce,2025
16,0.0688207886559865,0.0858133624633126,0.9729380610233204,0.9688013136289,resnet50,standard_ce,2025
17,0.1071027659829084,0.1070803725224696,0.9636613756613756,0.9573070607553368,resnet50,standard_ce,2025
18,0.0599980745507119,0.0639505565261287,0.987441655066846,0.9852216748768472,resnet50,standard_ce,2025
19,0.0496200353291821,0.0631012352801284,0.9808713635938208,0.9786535303776684,resnet50,standard_ce,2025
20,0.0568673452676678,0.0964545815118721,0.9734869531217848,0.9753694581280788,resnet50,standard_ce,2025
21,0.0284454511745336,0.0559461886764864,0.9876160661922048,0.9852216748768472,resnet50,standard_ce,2025
22,0.0395206039609397,0.0142038309224938,0.9957205176030116,0.9950738916256158,resnet50,standard_ce,2025
23,0.0424409366753124,0.1129883719036242,0.9557870729694375,0.9671592775041052,resnet50,standard_ce,2025
24,0.024879210878995,0.0204481266388112,0.9914884130690698,0.9917898193760264,resnet50,standard_ce,2025
25,0.0115074339537571,0.0063238730289964,0.9985177908945,0.9983579638752051,resnet50,standard_ce,2025
26,0.0227383949810038,0.0293653288051181,0.9927513330626128,0.9917898193760264,resnet50,standard_ce,2025
27,0.0088161485964474,0.0093386291887738,0.9985177908945,0.9983579638752051,resnet50,standard_ce,2025
28,0.0068394487675934,0.0124738629105365,0.9958930818063944,0.9950738916256158,resnet50,standard_ce,2025
29,0.0102369072295681,0.0079247013839737,0.9970363355780022,0.9967159277504104,resnet50,standard_ce,2025
30,0.0062726148952499,0.0060269406693968,0.9985177908945,0.9983579638752051,resnet50,standard_ce,2025
31,0.0044666742508034,0.0034280794757542,1.0,1.0,resnet50,standard_ce,2025
32,0.0062183001077437,0.002963043707875,1.0,1.0,resnet50,standard_ce,2025
33,0.0060751052960982,0.0061481340123623,0.9985177908945,0.9983579638752051,resnet50,standard_ce,2025
34,0.0031760491457957,0.0087920330514875,0.9970363355780022,0.9967159277504104,resnet50,standard_ce,2025
1,0.9586505806508928,0.931046468528425,0.6459385000352109,0.6568144499178982,resnet50,standard_ce,27182
2,0.7100970574338742,0.4542856323234553,0.8549476383774782,0.8440065681444991,resnet50,standard_ce,27182
3,0.5051352243588972,0.5210348884460374,0.8235148848738902,0.8111658456486043,resnet50,standard_ce,27182
4,0.3884998191743827,0.512087805860344,0.8251002126194795,0.8177339901477833,resnet50,standard_ce,27182
5,0.3791015692880158,0.4219071466249394,0.789227983575395,0.8160919540229885,resnet50,standard_ce,27182
6,0.3099885042868096,0.3413746047685494,0.902008121246434,0.8866995073891626,resnet50,standard_ce,27182
7,0.2725922514283489,0.1569288327971898,0.951673032957842,0.947454844006568,resnet50,standard_ce,27182
8,0.1923850528908949,0.095128675032719,0.9717205051957692,0.9704433497536946,resnet50,standard_ce,27182
9,0.1718179341857378,0.1629720273288502,0.9480746764077266,0.942528735632184,resnet50,standard_ce,27182
10,0.1545988875825894,0.0620538670392263,0.9806707358897204,0.9819376026272578,resnet50,standard_ce,27182
11,0.1906595332430175,0.0600899591099941,0.9813824519706872,0.9786535303776684,resnet50,standard_ce,27182
12,0.1602027865346056,0.0687308475491399,0.9729392153549012,0.9753694581280788,resnet50,standard_ce,27182
13,0.0977533675474892,0.031804393281111,0.9905055793113844,0.9885057471264368,resnet50,standard_ce,27182
14,0.1413087927368068,1.8389222578853608,0.619304254106403,0.6009852216748769,resnet50,standard_ce,27182
15,0.1095341726127678,0.0726130408738978,0.9819702770289752,0.9786535303776684,resnet50,standard_ce,27182
16,0.0643909129140626,0.2776661227860664,0.9317071385140802,0.9211822660098522,resnet50,standard_ce,27182
17,0.0876820499250937,0.0602405217884502,0.9865864740868132,0.9835796387520526,resnet50,standard_ce,27182
18,0.0555892414615942,0.028178317737475,0.9944204231349588,0.993431855500821,resnet50,standard_ce,27182
19,0.0581571388762175,0.0321699533288442,0.9839517565905468,0.9852216748768472,resnet50,standard_ce,27182
20,0.0716524038351712,0.0191011787549426,0.9944587261027886,0.9950738916256158,resnet50,standard_ce,27182
21,0.024649268683285,0.0218706015007698,0.9919465402242218,0.9901477832512317,resnet50,standard_ce,27182
22,0.0275027444451124,0.0117385563272784,0.9959460448729482,0.9967159277504104,resnet50,standard_ce,27182
23,0.0406703141531031,0.0387500695878854,0.9866674073475544,0.9835796387520526,resnet50,standard_ce,27182
24,0.0287745088934738,0.0392758115054714,0.9869742326638878,0.9835796387520526,resnet50,standard_ce,27182
25,0.0230229316257246,0.0072232177347483,0.9985177908945,0.9983579638752051,resnet50,standard_ce,27182
26,0.0156501643186981,0.0345914139546058,0.9886070470761202,0.986863711001642,resnet50,standard_ce,27182
27,0.0117092389355189,0.0071410274549858,0.9985177908945,0.9983579638752051,resnet50,standard_ce,27182
28,0.0145684968760038,0.0199232874123233,0.9942356444514716,0.993431855500821,resnet50,standard_ce,27182
29,0.0101326056713523,0.0161144586974778,0.9942356444514716,0.993431855500821,resnet50,standard_ce,27182
30,0.0058604856451968,0.0107490521317506,0.9985177908945,0.9983579638752051,resnet50,standard_ce,27182
31,0.0065953217361998,0.0036891756898257,0.9985177908945,0.9983579638752051,resnet50,standard_ce,27182
32,0.004571236157043,0.007707860111262,0.9970363355780022,0.9967159277504104,resnet50,standard_ce,27182
33,0.0042966942186313,0.0070429382997768,0.9985177908945,0.9983579638752051,resnet50,standard_ce,27182
34,0.0069925607106034,0.009976770803762,0.9970363355780022,0.9967159277504104,resnet50,standard_ce,27182
1,0.9736755530318812,0.7748464116909234,0.7790350086572122,0.7881773399014779,resnet50,standard_ce,31415
2,0.6955000606697767,0.4396339885902718,0.8361169613367355,0.8177339901477833,resnet50,standard_ce,31415
3,0.5444800826807642,0.4837535500330682,0.8068266786103988,0.7865353037766831,resnet50,standard_ce,31415
4,0.4582179293900675,0.2413864859519086,0.9110198118901758,0.9080459770114944,resnet50,standard_ce,31415
5,0.3651673646719049,0.396471296437467,0.8083903863411006,0.8801313628899836,resnet50,standard_ce,31415
6,0.2615208446717639,0.208748788864585,0.8816343483227428,0.9195402298850576,resnet50,standard_ce,31415
7,0.246701757408194,0.4932161161114235,0.8341346841346841,0.8292282430213465,resnet50,standard_ce,31415
8,0.220000681326592,0.6008850836205757,0.7856744136481311,0.7569786535303776,resnet50,standard_ce,31415
9,0.1861911500877781,1.1633197885428743,0.7476780112396524,0.7684729064039408,resnet50,standard_ce,31415
10,0.2047750825124591,0.0802692123834037,0.980760551060794,0.9819376026272578,resnet50,standard_ce,31415
11,0.1353149670236768,0.143884946315355,0.9548319431804632,0.9507389162561576,resnet50,standard_ce,31415
12,0.1375428254174327,0.6398931467249108,0.787446666078914,0.8226600985221675,resnet50,standard_ce,31415
13,0.1264000896672163,0.0599635076408591,0.9836558103068316,0.9802955665024632,resnet50,standard_ce,31415
14,0.1034232094766071,0.0769433334901048,0.9729421774165204,0.9688013136289,resnet50,standard_ce,31415
15,0.0632452306938349,0.1893154136054548,0.939518819808278,0.9277504105090312,resnet50,standard_ce,31415
16,0.1081505207917759,0.1112125236846885,0.9620150673043032,0.9605911330049262,resnet50,standard_ce,31415
17,0.0854554742887315,0.0790061167340376,0.9701978526400528,0.9688013136289,resnet50,standard_ce,31415
18,0.0823824592190017,0.0612910257161412,0.9819155629508404,0.9786535303776684,resnet50,standard_ce,31415
19,0.044342729048918,0.0183612785779233,0.9957205176030116,0.9950738916256158,resnet50,standard_ce,31415
20,0.0563476169319833,0.1148963421522005,0.9610792133686792,0.9573070607553368,resnet50,standard_ce,31415
21,0.0446449932424181,0.1191799827389325,0.9596580620070412,0.955665024630542,resnet50,standard_ce,31415
22,0.0412144082398702,0.0255183240053137,0.9942489889628444,0.993431855500821,resnet50,standard_ce,31415
23,0.0208477364512576,0.0283862787395584,0.990628276156576,0.9885057471264368,resnet50,standard_ce,31415
24,0.0180725796717368,0.0141098266502696,0.9955555555555556,0.9950738916256158,resnet50,standard_ce,31415
25,0.0118060260277031,0.0065066413220808,0.9986922643188564,0.9983579638752051,resnet50,standard_ce,31415
26,0.0097429627221182,0.0078890813751221,0.9970363355780022,0.9967159277504104,resnet50,standard_ce,31415
27,0.0074393117040074,0.0037453155009867,1.0,1.0,resnet50,standard_ce,31415
28,0.008401508987652,0.0070242172984175,0.9972060312628028,0.9967159277504104,resnet50,standard_ce,31415
29,0.0083251664364057,0.0100712234342413,0.9957205176030116,0.9950738916256158,resnet50,standard_ce,31415
30,0.005194795968866,0.0081796111892688,0.9957205176030116,0.9950738916256158,resnet50,standard_ce,31415
31,0.0068177365998983,0.003897172751207,0.9985177908945,0.9983579638752051,resnet50,standard_ce,31415
32,0.0035094408203775,0.0067204054194754,0.9985177908945,0.9983579638752051,resnet50,standard_ce,31415
33,0.0032982755315161,0.003666807896457,0.9985177908945,0.9983579638752051,resnet50,standard_ce,31415
34,0.0037943363153721,0.0046265112502858,0.9985177908945,0.9983579638752051,resnet50,standard_ce,31415
1,0.957054863223292,0.8928436027176079,0.6309551396066067,0.6403940886699507,resnet50,standard_ce,42
2,0.6191103768474397,0.4443029014543555,0.8631168581706423,0.8538587848932676,resnet50,standard_ce,42
3,0.5695421247417353,0.4636592074176556,0.8412225428382063,0.8210180623973727,resnet50,standard_ce,42
4,0.5067916942606492,0.2543801392465566,0.9175704178705352,0.9113300492610836,resnet50,standard_ce,42
5,0.3280263858017477,0.153727387364079,0.9577321832412105,0.9507389162561576,resnet50,standard_ce,42
6,0.2676070851475157,0.4664561124564391,0.8217296671077862,0.8177339901477833,resnet50,standard_ce,42
7,0.2321265880378562,0.1698281240507299,0.9311674998896536,0.9441707717569786,resnet50,standard_ce,42
8,0.2106671108878978,0.0722576647305674,0.9840993121123536,0.9802955665024632,resnet50,standard_ce,42
9,0.179548589709773,0.2166713152833173,0.921403236776658,0.916256157635468,resnet50,standard_ce,42
10,0.2164149547607911,0.1998803835050225,0.9372800794919774,0.9277504105090312,resnet50,standard_ce,42
11,0.162646799530631,0.1561218382937542,0.948847464850983,0.9490968801313628,resnet50,standard_ce,42
12,0.1291285760124559,0.1130845674630162,0.9641397486062272,0.9622331691297208,resnet50,standard_ce,42
13,0.1472490524143137,0.0829892838476647,0.9730047715211168,0.9720853858784894,resnet50,standard_ce,42
14,0.0933824221135456,0.916975875779656,0.8206489818673727,0.7914614121510674,resnet50,standard_ce,42
15,0.103135240617452,0.0291703431844124,0.9970330056179776,0.9967159277504104,resnet50,standard_ce,42
16,0.0997399782653904,0.1921942363476322,0.9303754812175272,0.929392446633826,resnet50,standard_ce,42
17,0.0946363257692704,0.1176681535342197,0.96772120112868,0.9622331691297208,resnet50,standard_ce,42
18,0.0588492229810027,0.0231376586203602,0.9893643981444188,0.9917898193760264,resnet50,standard_ce,42
19,0.0653191831003815,0.052270757508482,0.98307677301183,0.9852216748768472,resnet50,standard_ce,42
20,0.0765159446516963,0.1136454364738109,0.9619553429027112,0.9589490968801314,resnet50,standard_ce,42
21,0.0490045482790349,0.8433915926990357,0.7896825461872076,0.7898193760262726,resnet50,standard_ce,42
22,0.0417338759995185,0.2216773973544438,0.9051011023805684,0.9244663382594416,resnet50,standard_ce,42
23,0.0362775034189342,0.0142286262785502,0.9932146700871104,0.993431855500821,resnet50,standard_ce,42
1,0.7877648995086053,1.0672991350170815,0.5788034069820638,0.6042692939244664,swin_tiny,balanced_ce,1337
2,0.582502743318965,0.4918876766962762,0.7882688247815299,0.7733990147783252,swin_tiny,balanced_ce,1337
3,0.469655832244977,0.5909933206336252,0.7142853745044326,0.7339901477832512,swin_tiny,balanced_ce,1337
4,0.3715418892711243,0.45740625658646,0.8109710530092695,0.8144499178981938,swin_tiny,balanced_ce,1337
5,0.3342749145202771,0.2838683791935737,0.906578353564923,0.8998357963875205,swin_tiny,balanced_ce,1337
6,0.3282690185968402,0.3091459080503492,0.8867822133916313,0.8719211822660099,swin_tiny,balanced_ce,1337
7,0.2712282830099649,0.2835611189502996,0.9075654602923114,0.9014778325123152,swin_tiny,balanced_ce,1337
8,0.287733582856366,0.467287589372281,0.8168699154106593,0.7947454844006568,swin_tiny,balanced_ce,1337
9,0.2349985813528875,0.2175988563763097,0.929211006536588,0.9195402298850576,swin_tiny,balanced_ce,1337
10,0.2199620035966377,0.2761547480433053,0.8958432626174562,0.8866995073891626,swin_tiny,balanced_ce,1337
11,0.2433114209263102,0.2275875603232673,0.914250966334574,0.9080459770114944,swin_tiny,balanced_ce,1337
12,0.2149803352743544,0.1827008916043687,0.9463477758652326,0.9359605911330048,swin_tiny,balanced_ce,1337
13,0.1697140748555295,0.1273203340461492,0.9578317243640984,0.9507389162561576,swin_tiny,balanced_ce,1337
14,0.1679116228683761,0.3051246978183489,0.8992826808009289,0.8834154351395731,swin_tiny,balanced_ce,1337
15,0.175204477125291,0.1783116218100236,0.9483418531532812,0.942528735632184,swin_tiny,balanced_ce,1337
16,0.1553376048960459,0.1490832931547133,0.9490632000616194,0.9458128078817734,swin_tiny,balanced_ce,1337
17,0.132202421204696,0.1331474654902574,0.9499602674983806,0.9507389162561576,swin_tiny,balanced_ce,1337
18,0.158016247101953,0.1539760807709545,0.9410258342941694,0.9310344827586208,swin_tiny,balanced_ce,1337
19,0.1354078885462455,0.1888935947408425,0.9258193353021406,0.9359605911330048,swin_tiny,balanced_ce,1337
20,0.1024591031145494,0.1161092789449892,0.9662701623500032,0.9589490968801314,swin_tiny,balanced_ce,1337
21,0.1061598306420293,0.1155044633668827,0.95778720258624,0.9523809523809524,swin_tiny,balanced_ce,1337
22,0.1038075547108855,0.1442562606252962,0.9496538128350016,0.942528735632184,swin_tiny,balanced_ce,1337
23,0.0928874265441837,0.0851339957323567,0.9730498076379795,0.9704433497536946,swin_tiny,balanced_ce,1337
24,0.0765634796829314,0.1898543615634316,0.941831989628203,0.9326765188834154,swin_tiny,balanced_ce,1337
25,0.0750922788320819,0.0667922323805162,0.982624699886296,0.9786535303776684,swin_tiny,balanced_ce,1337
26,0.0826871186686329,0.1323373055550818,0.9568735402068737,0.947454844006568,swin_tiny,balanced_ce,1337
27,0.0712323157493228,0.1008206702637285,0.9731591710758376,0.9671592775041052,swin_tiny,balanced_ce,1337
28,0.07288064376528,0.125473306372101,0.9633489359985252,0.955665024630542,swin_tiny,balanced_ce,1337
29,0.0648714421942227,0.0650201945294961,0.9840732500284644,0.9802955665024632,swin_tiny,balanced_ce,1337
30,0.0517948380167316,0.0612154844276643,0.9880171100260342,0.9852216748768472,swin_tiny,balanced_ce,1337
31,0.0508951452113884,0.0638665976645103,0.9865424430641824,0.9835796387520526,swin_tiny,balanced_ce,1337
32,0.0527861377356904,0.0611297866843383,0.9867132206481386,0.9835796387520526,swin_tiny,balanced_ce,1337
33,0.0526294557033974,0.0620488834449614,0.9867132206481386,0.9835796387520526,swin_tiny,balanced_ce,1337
34,0.0519665062773071,0.0618911736670802,0.9867132206481386,0.9835796387520526,swin_tiny,balanced_ce,1337
1,0.7833738697853155,0.5987084667475157,0.8044608827815917,0.7914614121510674,swin_tiny,balanced_ce,2025
2,0.5876482629608396,0.6455994321794932,0.7334167759047596,0.7257799671592775,swin_tiny,balanced_ce,2025
3,0.4493862200600401,0.44525593098357,0.8293154493928683,0.8243021346469622,swin_tiny,balanced_ce,2025
4,0.3628080732478827,0.2806620104559537,0.9137259916163044,0.8998357963875205,swin_tiny,balanced_ce,2025
5,0.3520587313259004,0.3780278916820908,0.8401286137731553,0.8243021346469622,swin_tiny,balanced_ce,2025
6,0.3170467900108998,0.3776915766335473,0.8581131030442257,0.8325123152709359,swin_tiny,balanced_ce,2025
7,0.2831113143105498,0.3150675386826588,0.8800514654926421,0.8669950738916257,swin_tiny,balanced_ce,2025
8,0.2585427518050155,0.2303326662342341,0.9262505757336492,0.9146141215106732,swin_tiny,balanced_ce,2025
9,0.2559039793712183,0.4747344091020781,0.8002573754210509,0.8243021346469622,swin_tiny,balanced_ce,2025
10,0.2149391180496852,0.2203339292302311,0.91249161986853,0.9014778325123152,swin_tiny,balanced_ce,2025
11,0.2323516657566144,0.2722491045499278,0.8926514686573022,0.8817733990147784,swin_tiny,balanced_ce,2025
12,0.218298181598132,0.1669387250698258,0.9500598163646876,0.9408866995073892,swin_tiny,balanced_ce,2025
13,0.2035801359660177,0.2328126798758561,0.9200047096200372,0.9080459770114944,swin_tiny,balanced_ce,2025
14,0.248609049777993,0.230041498914728,0.9319210134620082,0.9195402298850576,swin_tiny,balanced_ce,2025
15,0.1764592455539636,0.1770688584823718,0.9386343721704588,0.9261083743842364,swin_tiny,balanced_ce,2025
16,0.1483989920028483,0.1149715903308395,0.9578792373040252,0.9573070607553368,swin_tiny,balanced_ce,2025
17,0.1472934051929123,0.0937671695632496,0.975706681115956,0.9720853858784894,swin_tiny,balanced_ce,2025
18,0.1434528645126375,0.0962735415483734,0.9624128417846404,0.9638752052545156,swin_tiny,balanced_ce,2025
19,0.0990955262420361,0.0657625427754054,0.9770372754931868,0.9753694581280788,swin_tiny,balanced_ce,2025
20,0.09342592536277,0.0678854954470261,0.9799568435584688,0.9753694581280788,swin_tiny,balanced_ce,2025
21,0.1081253416875544,0.0794733213796012,0.9795065843102476,0.9770114942528736,swin_tiny,balanced_ce,2025
22,0.1162423773595051,0.0850027635791423,0.9699724969200546,0.9655172413793104,swin_tiny,balanced_ce,2025
23,0.0756503146040287,0.0659480430124624,0.9756586356324431,0.9770114942528736,swin_tiny,balanced_ce,2025
24,0.074389046827832,0.0542625119276528,0.9848573131079348,0.9819376026272578,swin_tiny,balanced_ce,2025
25,0.0769074556992269,0.0813458919867702,0.9740170031548558,0.9704433497536946,swin_tiny,balanced_ce,2025
26,0.0532393995751029,0.0749174006105888,0.9744767595831102,0.973727422003284,swin_tiny,balanced_ce,2025
27,0.0502442918611471,0.0576117873522154,0.9863084918648544,0.9835796387520526,swin_tiny,balanced_ce,2025
28,0.0409165196745167,0.0626390583091377,0.9781546885801058,0.9786535303776684,swin_tiny,balanced_ce,2025
29,0.0387057574993729,0.0619203399022664,0.9783967920838998,0.9786535303776684,swin_tiny,balanced_ce,2025
30,0.0453655970401518,0.0480429896188682,0.9847402894760944,0.9819376026272578,swin_tiny,balanced_ce,2025
31,0.0469613897954629,0.0494240609491595,0.9849073989800824,0.9819376026272578,swin_tiny,balanced_ce,2025
32,0.0316642660303908,0.0464070464479805,0.9877378419876688,0.9852216748768472,swin_tiny,balanced_ce,2025
33,0.0370048549720241,0.0455262637827147,0.9877378419876688,0.9852216748768472,swin_tiny,balanced_ce,2025
34,0.0365553639038273,0.0456705766505208,0.989227719415432,0.986863711001642,swin_tiny,balanced_ce,2025
1,0.7738322177545048,0.8002929288178242,0.574479092905708,0.6436781609195402,swin_tiny,balanced_ce,27182
2,0.6002651986841159,0.6228763497325979,0.721914561620444,0.6978653530377669,swin_tiny,balanced_ce,27182
3,0.4753132676826839,0.4319017405188925,0.8427877091111665,0.8440065681444991,swin_tiny,balanced_ce,27182
4,0.4044419907308421,0.534876452878191,0.7289230405874052,0.735632183908046,swin_tiny,balanced_ce,27182
5,0.35445735129824,0.2842900840365228,0.8940348005558111,0.8752052545155994,swin_tiny,balanced_ce,27182
6,0.3375098981369149,0.4233749602815788,0.8297811855257983,0.825944170771757,swin_tiny,balanced_ce,27182
7,0.3319608411596194,0.3168363758104384,0.9065441809916012,0.8899835796387521,swin_tiny,balanced_ce,27182
8,0.2883021085459235,0.3672512366462419,0.8602198781802887,0.8390804597701149,swin_tiny,balanced_ce,27182
9,0.2521455086728391,0.435387256208116,0.8176032000670552,0.8111658456486043,swin_tiny,balanced_ce,27182
10,0.2355708908217653,0.2049877814495896,0.9190273777580912,0.9129720853858784,swin_tiny,balanced_ce,27182
11,0.2499712991117383,0.2360492487650591,0.9043252473983016,0.9080459770114944,swin_tiny,balanced_ce,27182
12,0.245467651209848,0.2318834671001324,0.9257795242811592,0.916256157635468,swin_tiny,balanced_ce,27182
13,0.20488992320318,0.2998303091780501,0.8881237785369882,0.8784893267651889,swin_tiny,balanced_ce,27182
14,0.1901559762106733,0.1987699922571824,0.9283180341362384,0.9211822660098522,swin_tiny,balanced_ce,27182
15,0.1994743382522217,0.1549091913052245,0.951802094045746,0.942528735632184,swin_tiny,balanced_ce,27182
16,0.2077925347826183,0.1815064995746894,0.9384280661635834,0.9277504105090312,swin_tiny,balanced_ce,27182
17,0.1707497860509607,0.1644491268496208,0.9482355117225606,0.942528735632184,swin_tiny,balanced_ce,27182
18,0.159480198751644,0.1832683891400523,0.9305398916873406,0.9277504105090312,swin_tiny,balanced_ce,27182
19,0.1454492737727341,0.1246052664782613,0.9513205009288696,0.947454844006568,swin_tiny,balanced_ce,27182
20,0.1569579703291397,0.1166628280345638,0.9711590497719772,0.9671592775041052,swin_tiny,balanced_ce,27182
21,0.1115965476786629,0.1362877733797471,0.9517047132592832,0.947454844006568,swin_tiny,balanced_ce,27182
22,0.1247546875728245,0.1527400884306294,0.9494394268792756,0.9408866995073892,swin_tiny,balanced_ce,27182
23,0.1118155665590913,0.0962321705541195,0.9713574295404392,0.9655172413793104,swin_tiny,balanced_ce,27182
24,0.090243979457026,0.0909905027237236,0.9687178387141182,0.9671592775041052,swin_tiny,balanced_ce,27182
25,0.1012485435825031,0.1084294286610066,0.9632359424701488,0.9622331691297208,swin_tiny,balanced_ce,27182
26,0.0969030011677705,0.0908547126808875,0.9753504043126684,0.9704433497536946,swin_tiny,balanced_ce,27182
27,0.0855443720173856,0.0762352273602203,0.9794031811666416,0.9770114942528736,swin_tiny,balanced_ce,27182
28,0.0723931896416814,0.0890013480127738,0.966806800918462,0.9655172413793104,swin_tiny,balanced_ce,27182
29,0.0747685326620124,0.077617737765872,0.976675237808162,0.973727422003284,swin_tiny,balanced_ce,27182
30,0.0817210658343741,0.0757485613752957,0.9806446578117444,0.9786535303776684,swin_tiny,balanced_ce,27182
31,0.0675004547596082,0.0714250166972331,0.9819498363886552,0.9802955665024632,swin_tiny,balanced_ce,27182
32,0.0611484919470098,0.0702965061787411,0.9792079856200092,0.9770114942528736,swin_tiny,balanced_ce,27182
33,0.0675954472918475,0.0700056635559045,0.9792079856200092,0.9770114942528736,swin_tiny,balanced_ce,27182
34,0.0725584533462847,0.0700184294039441,0.9792079856200092,0.9770114942528736,swin_tiny,balanced_ce,27182
1,0.8149000524846028,0.869661188673699,0.676774885069375,0.6748768472906403,swin_tiny,balanced_ce,31415
2,0.6140306055755314,0.6908671746308777,0.6710839805379647,0.6633825944170771,swin_tiny,balanced_ce,31415
3,0.4300578479817127,0.4160445533166769,0.8323863328793236,0.8226600985221675,swin_tiny,balanced_ce,31415
4,0.3462308951651903,0.3551718468345053,0.8638298544999934,0.8489326765188834,swin_tiny,balanced_ce,31415
5,0.3251248017451046,0.3387791394012902,0.8752542786799361,0.8522167487684729,swin_tiny,balanced_ce,31415
6,0.3066393225599466,0.2902675728101057,0.9121922520892234,0.8932676518883416,swin_tiny,balanced_ce,31415
7,0.2753729892950275,0.2574000546497664,0.8959953725534202,0.8949096880131363,swin_tiny,balanced_ce,31415
8,0.2371293465313886,0.2280606958764331,0.930272294823789,0.9178981937602628,swin_tiny,balanced_ce,31415
9,0.2233046317142426,0.1555896968089888,0.951442273624758,0.9441707717569786,swin_tiny,balanced_ce,31415
10,0.2220080792065873,0.2130020933687589,0.9154301021990308,0.9129720853858784,swin_tiny,balanced_ce,31415
11,0.1882775740223316,0.1899458485455152,0.9271984076194508,0.9310344827586208,swin_tiny,balanced_ce,31415
12,0.1559347332519051,0.316076792519668,0.8834246055833059,0.8850574712643678,swin_tiny,balanced_ce,31415
13,0.1929597506126117,0.1407828298695569,0.9408659888517922,0.93431855500821,swin_tiny,balanced_ce,31415
14,0.1154973262668913,0.1296552370206035,0.946223234721517,0.947454844006568,swin_tiny,balanced_ce,31415
15,0.1342850678912994,0.1171875197856346,0.9583806226816431,0.9622331691297208,swin_tiny,balanced_ce,31415
16,0.1344084714806142,0.0947302355261271,0.9609537957485248,0.9605911330049262,swin_tiny,balanced_ce,31415
17,0.1229518082817797,0.1939189771957976,0.9277771382046144,0.9146141215106732,swin_tiny,balanced_ce,31415
18,0.1131499372226282,0.0863936955999271,0.9759265117372236,0.9704433497536946,swin_tiny,balanced_ce,31415
19,0.0821241490909525,0.072487136804803,0.977004236597686,0.9720853858784894,swin_tiny,balanced_ce,31415
20,0.0975359678438656,0.0763560692628322,0.9793872635179636,0.9770114942528736,swin_tiny,balanced_ce,31415
21,0.063719636319706,0.0974594910616859,0.9639217248251865,0.9622331691297208,swin_tiny,balanced_ce,31415
22,0.0826954292385513,0.1031749671591179,0.9639872861638686,0.9573070607553368,swin_tiny,balanced_ce,31415
23,0.0697505309300493,0.0711157832765716,0.968618901049766,0.9671592775041052,swin_tiny,balanced_ce,31415
24,0.0673712869379374,0.0639351520026699,0.9809037280301648,0.9770114942528736,swin_tiny,balanced_ce,31415
25,0.0593397985593872,0.0533080816281155,0.9836269905877564,0.9819376026272578,swin_tiny,balanced_ce,31415
26,0.0557574173807115,0.0453544209247886,0.9849556219936054,0.9819376026272578,swin_tiny,balanced_ce,31415
27,0.0359774054548586,0.0475491127289819,0.9867489826723956,0.9835796387520526,swin_tiny,balanced_ce,31415
28,0.0376708901781909,0.0426118463034663,0.984657345536308,0.9819376026272578,swin_tiny,balanced_ce,31415
29,0.0413466288251491,0.0509013535916707,0.983880458322636,0.9802955665024632,swin_tiny,balanced_ce,31415
30,0.0373180608481974,0.0496565095915142,0.9835037235228088,0.9802955665024632,swin_tiny,balanced_ce,31415
31,0.0331834400363629,0.043607131784479,0.9850585717458784,0.9819376026272578,swin_tiny,balanced_ce,31415
32,0.0404760861245551,0.0460322886225209,0.9833265563264328,0.9802955665024632,swin_tiny,balanced_ce,31415
33,0.0318630905622233,0.0437632663212166,0.985036457653488,0.9819376026272578,swin_tiny,balanced_ce,31415
34,0.0341271021623267,0.0438882429259775,0.9863373409336748,0.9835796387520526,swin_tiny,balanced_ce,31415
1,0.7960910113917923,0.6755889784085927,0.7589352994247219,0.7422003284072249,swin_tiny,balanced_ce,42
2,0.5898866595618545,0.4538273619509291,0.8220487234117447,0.8210180623973727,swin_tiny,balanced_ce,42
3,0.4431863311619247,0.4681843922447493,0.7680888788225891,0.7733990147783252,swin_tiny,balanced_ce,42
4,0.3422641316909991,0.3714782369547876,0.8273184735127996,0.8226600985221675,swin_tiny,balanced_ce,42
5,0.3226946861127977,0.2770230754451407,0.8956921533486419,0.8801313628899836,swin_tiny,balanced_ce,42
6,0.3070021861152615,0.3470114330548566,0.8455305891502558,0.8472906403940886,swin_tiny,balanced_ce,42
7,0.2595892757753496,0.1968554420815704,0.9460494739292188,0.93431855500821,swin_tiny,balanced_ce,42
8,0.2827094873770259,0.2300876562035534,0.9184719813667334,0.9146141215106732,swin_tiny,balanced_ce,42
9,0.3370630364321657,0.2126927922903415,0.9231690352658094,0.916256157635468,swin_tiny,balanced_ce,42
10,0.2584143585239018,0.2214986577214082,0.929495923665246,0.9244663382594416,swin_tiny,balanced_ce,42
11,0.2292540809404766,0.3029091945422694,0.8813778229577068,0.8735632183908046,swin_tiny,balanced_ce,42
12,0.1832407616929974,0.2145468556430735,0.9193976344647812,0.9129720853858784,swin_tiny,balanced_ce,42
13,0.1998607464108504,0.1744034270739124,0.9299053986741438,0.9310344827586208,swin_tiny,balanced_ce,42
14,0.1473113084418178,0.1403776078388608,0.9453997019066523,0.9392446633825944,swin_tiny,balanced_ce,42
15,0.1402094424635119,0.123411847257066,0.9541706045912776,0.947454844006568,swin_tiny,balanced_ce,42
16,0.118764614212361,0.0952075707048716,0.9677980220713244,0.9671592775041052,swin_tiny,balanced_ce,42
17,0.1147005611320266,0.0845271086041954,0.9760573145989812,0.9704433497536946,swin_tiny,balanced_ce,42
18,0.1240538749156392,0.1126115424757324,0.9539815963386096,0.9573070607553368,swin_tiny,balanced_ce,42
19,0.1047141896282537,0.1271620057339738,0.9348813861801928,0.93431855500821,swin_tiny,balanced_ce,42
20,0.0854158249924283,0.123325547402226,0.959852848718638,0.9540229885057472,swin_tiny,balanced_ce,42
21,0.0911815524690494,0.1208617845840739,0.9496130824256082,0.9441707717569786,swin_tiny,balanced_ce,42
22,0.0788745271183979,0.1332629675226062,0.9569123309683312,0.9490968801313628,swin_tiny,balanced_ce,42
23,0.0808046121602822,0.0981282674277748,0.9631955943928734,0.9589490968801314,swin_tiny,balanced_ce,42
24,0.0597239370452917,0.0974133193664167,0.955876720248227,0.9573070607553368,swin_tiny,balanced_ce,42
25,0.0525058054516619,0.0904614469434069,0.9639092789287602,0.9605911330049262,swin_tiny,balanced_ce,42
1,0.431011509057298,0.2926845092491563,0.5796284453050051,0.6042692939244664,swin_tiny,focal_loss,1337
2,0.2454318406921279,0.2283695447816833,0.6692520869458104,0.6683087027914614,swin_tiny,focal_loss,1337
3,0.1945597842519019,0.1863240891293743,0.7483795653665507,0.7389162561576355,swin_tiny,focal_loss,1337
4,0.1757125771737056,0.1526527619616347,0.7837706528433486,0.7750410509031199,swin_tiny,focal_loss,1337
5,0.1662021149755152,0.1525632303532317,0.7715816551374579,0.7635467980295566,swin_tiny,focal_loss,1337
6,0.1535726979034437,0.1334078460687095,0.8243529251986088,0.8111658456486043,swin_tiny,focal_loss,1337
7,0.1395984744302836,0.1373341249910677,0.8064590387594107,0.7947454844006568,swin_tiny,focal_loss,1337
8,0.1364737316835115,0.1527481788191302,0.8180955463190198,0.7996715927750411,swin_tiny,focal_loss,1337
9,0.1247054561789299,0.1124017288042798,0.8383035228641643,0.825944170771757,swin_tiny,focal_loss,1337
10,0.123852328314513,0.1536919766263225,0.8233308123652328,0.8095238095238095,swin_tiny,focal_loss,1337
11,0.1183475093650901,0.1490463616421265,0.8196720421820944,0.8013136288998358,swin_tiny,focal_loss,1337
12,0.1166597280147205,0.1037206531843332,0.8481699298649973,0.8390804597701149,swin_tiny,focal_loss,1337
13,0.1078747745505116,0.1083090525542573,0.837707911455716,0.8292282430213465,swin_tiny,focal_loss,1337
14,0.1025681658767438,0.1118293317716892,0.8506586179191498,0.8341543513957307,swin_tiny,focal_loss,1337
15,0.1011895264140436,0.0964616047239851,0.8549751110822024,0.8456486042692939,swin_tiny,focal_loss,1337
16,0.0975846011577884,0.1077683124146829,0.8516552391247043,0.8308702791461412,swin_tiny,focal_loss,1337
17,0.0967659201898558,0.099977007102105,0.8611696785616166,0.8538587848932676,swin_tiny,focal_loss,1337
18,0.0956824368327489,0.1040091771014609,0.8511020568249253,0.8423645320197044,swin_tiny,focal_loss,1337
19,0.0860644468261822,0.1123176802848947,0.8572656977422607,0.8407224958949097,swin_tiny,focal_loss,1337
20,0.090962730177886,0.1123546114059896,0.8520353808476582,0.8407224958949097,swin_tiny,focal_loss,1337
21,0.0859757544809988,0.1021401482849872,0.8641972878390201,0.8555008210180624,swin_tiny,focal_loss,1337
22,0.0862314214684422,0.1095690136081087,0.8513614955200905,0.8390804597701149,swin_tiny,focal_loss,1337
23,0.0859507830689132,0.0905653005603499,0.8582452902847639,0.8456486042692939,swin_tiny,focal_loss,1337
24,0.0813480091744441,0.0995790720083834,0.8594594221833393,0.8538587848932676,swin_tiny,focal_loss,1337
25,0.0765500683409468,0.0980148584091017,0.8623844584958705,0.8489326765188834,swin_tiny,focal_loss,1337
26,0.0783161868437836,0.1078627019239763,0.8594800238936153,0.8472906403940886,swin_tiny,focal_loss,1337
27,0.077841200633711,0.1048895805731587,0.8613043240284619,0.8522167487684729,swin_tiny,focal_loss,1337
28,0.0733257233598948,0.1046872707374381,0.8670186203681454,0.8538587848932676,swin_tiny,focal_loss,1337
29,0.0774029881573938,0.1104906287980197,0.851222455796993,0.8390804597701149,swin_tiny,focal_loss,1337
30,0.0726388829847002,0.1060586262659486,0.8660506460535348,0.8555008210180624,swin_tiny,focal_loss,1337
31,0.0799403904899562,0.1056840028766732,0.8568026002170006,0.8440065681444991,swin_tiny,focal_loss,1337
32,0.0760688614080576,0.1034891374886329,0.8543250521597942,0.8423645320197044,swin_tiny,focal_loss,1337
33,0.0745448113083577,0.1032566566185411,0.8543250521597942,0.8423645320197044,swin_tiny,focal_loss,1337
34,0.0683173075658343,0.1032360268294909,0.8543250521597942,0.8423645320197044,swin_tiny,focal_loss,1337
1,0.3943763424621106,0.296136536817441,0.5836711972504002,0.6042692939244664,swin_tiny,focal_loss,2025
2,0.2357481854818826,0.2038489345259267,0.7171766082659607,0.7027914614121511,swin_tiny,focal_loss,2025
3,0.1835610719682462,0.1907938035153011,0.7321649144464641,0.7192118226600985,swin_tiny,focal_loss,2025
4,0.1701060634453393,0.1732835521055951,0.7604433130924797,0.7536945812807881,swin_tiny,focal_loss,2025
5,0.1521326012739188,0.1733731562868127,0.8106972235554706,0.7898193760262726,swin_tiny,focal_loss,2025
6,0.1479766024122757,0.1691591507695578,0.7829658888504466,0.7635467980295566,swin_tiny,focal_loss,2025
7,0.139689385964288,0.1401922384212757,0.8197953817257762,0.7980295566502463,swin_tiny,focal_loss,2025
8,0.1273282154870787,0.1362123419400702,0.8248214588810517,0.8144499178981938,swin_tiny,focal_loss,2025
9,0.1276693511708445,0.1475103952125179,0.8148855174286393,0.8013136288998358,swin_tiny,focal_loss,2025
10,0.1203762795691016,0.112602781045613,0.8337686704094277,0.8275862068965517,swin_tiny,focal_loss,2025
11,0.1151723815707624,0.1316455909967031,0.8327532507477402,0.8177339901477833,swin_tiny,focal_loss,2025
12,0.1103627543562535,0.1318495674869305,0.8212878588172179,0.8013136288998358,swin_tiny,focal_loss,2025
13,0.1048418449129915,0.133017248708039,0.8232790187678061,0.8160919540229885,swin_tiny,focal_loss,2025
14,0.1048881557735701,0.1277638745718989,0.808819357721435,0.8045977011494253,swin_tiny,focal_loss,2025
15,0.1039482658352499,0.1291815505434922,0.8385047872327716,0.8308702791461412,swin_tiny,focal_loss,2025
16,0.0945438385114519,0.1323062541155979,0.8400962915290272,0.8308702791461412,swin_tiny,focal_loss,2025
17,0.0905368694600195,0.1076632487313892,0.8480745827413836,0.8325123152709359,swin_tiny,focal_loss,2025
18,0.0906200540270034,0.1381097858762506,0.8457934785159642,0.8275862068965517,swin_tiny,focal_loss,2025
19,0.0872694726647098,0.1232656694104518,0.859938918073326,0.8357963875205254,swin_tiny,focal_loss,2025
20,0.0850634635922045,0.1347011700150218,0.836153186966545,0.8177339901477833,swin_tiny,focal_loss,2025
21,0.0833179195390225,0.1305295721503901,0.8619684959797963,0.8423645320197044,swin_tiny,focal_loss,2025
22,0.0788711646895836,0.1139378737542038,0.8536666037177899,0.8357963875205254,swin_tiny,focal_loss,2025
23,0.0840549133403753,0.1065439588966823,0.8492727375861396,0.8341543513957307,swin_tiny,focal_loss,2025
24,0.0764932734109395,0.1051411642425361,0.861026628661441,0.8407224958949097,swin_tiny,focal_loss,2025
25,0.0782944372490127,0.1103638079512882,0.8529961171171272,0.8390804597701149,swin_tiny,focal_loss,2025
26,0.0741408592682521,0.1051411511520251,0.8503702655998233,0.8341543513957307,swin_tiny,focal_loss,2025
27,0.07902527889646,0.1052812073373637,0.8602818771624934,0.8440065681444991,swin_tiny,focal_loss,2025
28,0.0758030039636395,0.1105899698237088,0.8556255962907671,0.8440065681444991,swin_tiny,focal_loss,2025
29,0.0749587295449261,0.1098921145075452,0.8496150423139811,0.8325123152709359,swin_tiny,focal_loss,2025
1,0.4057163452012677,0.2447977271573297,0.6252693785593904,0.645320197044335,swin_tiny,focal_loss,27182
2,0.2298996335121366,0.1981916422718655,0.7197899279443533,0.7110016420361248,swin_tiny,focal_loss,27182
3,0.1850816422114263,0.1875906861670107,0.7603187533727553,0.7487684729064039,swin_tiny,focal_loss,27182
4,0.1680552708034146,0.152480791012446,0.8099259165913021,0.7996715927750411,swin_tiny,focal_loss,27182
5,0.1506593982985338,0.1487479488837895,0.81409890497028,0.8013136288998358,swin_tiny,focal_loss,27182
6,0.1390461550367528,0.2046396538541822,0.7846716902628463,0.7684729064039408,swin_tiny,focal_loss,27182
7,0.1422040918799402,0.1382862978870254,0.8071843297954071,0.7980295566502463,swin_tiny,focal_loss,27182
8,0.1352849640200971,0.1197355431191048,0.8433155180009412,0.8292282430213465,swin_tiny,focal_loss,27182
9,0.1254075239590894,0.1196435542871995,0.8368254838843074,0.8243021346469622,swin_tiny,focal_loss,27182
10,0.122142897944354,0.1067109539101668,0.8553863262921702,0.8390804597701149,swin_tiny,focal_loss,27182
11,0.1190904724498415,0.122659546694732,0.8147405621957757,0.812807881773399,swin_tiny,focal_loss,27182
12,0.1165126747060534,0.1121625748076071,0.8368886370649594,0.825944170771757,swin_tiny,focal_loss,27182
13,0.1037296889300715,0.1329515495617401,0.8356834851315047,0.819376026272578,swin_tiny,focal_loss,27182
14,0.1042943156352152,0.1050593214375632,0.8493616109682947,0.8357963875205254,swin_tiny,focal_loss,27182
15,0.0991691857628746,0.0964233457846398,0.8627509071700886,0.8472906403940886,swin_tiny,focal_loss,27182
16,0.0988352665687487,0.0941609350233438,0.8562931182854725,0.8407224958949097,swin_tiny,focal_loss,27182
17,0.0938355277051825,0.1050735424060148,0.8436019748471,0.8243021346469622,swin_tiny,focal_loss,27182
18,0.0948777587164474,0.1038922417560234,0.8602907530343165,0.8440065681444991,swin_tiny,focal_loss,27182
19,0.0882213581916475,0.1121634591633854,0.8629302312372975,0.8522167487684729,swin_tiny,focal_loss,27182
20,0.0858908620471485,0.122800712147957,0.8426315450291824,0.825944170771757,swin_tiny,focal_loss,27182
21,0.0846749941872429,0.1122833415498874,0.8435099754958648,0.8275862068965517,swin_tiny,focal_loss,27182
22,0.080491291659578,0.097346056662561,0.8745701623705706,0.8555008210180624,swin_tiny,focal_loss,27182
23,0.0832075589190782,0.0932320070335234,0.8662008947817146,0.8505747126436781,swin_tiny,focal_loss,27182
24,0.0784845596745688,0.1124180264049171,0.8603069103205674,0.8456486042692939,swin_tiny,focal_loss,27182
25,0.0819900115012389,0.0886045687500087,0.8775788151658662,0.8620689655172413,swin_tiny,focal_loss,27182
26,0.0839197607524365,0.0949634742022343,0.8712142480614555,0.8604269293924466,swin_tiny,focal_loss,27182
27,0.0791735459191099,0.1074094397485354,0.8690825249420013,0.8522167487684729,swin_tiny,focal_loss,27182
28,0.0776716441348168,0.0934173871681999,0.8750277710959501,0.8587848932676518,swin_tiny,focal_loss,27182
29,0.0770674291048821,0.0946912388936639,0.8756577521495121,0.8604269293924466,swin_tiny,focal_loss,27182
30,0.0717435707631136,0.1004038101860455,0.8734257770589271,0.8587848932676518,swin_tiny,focal_loss,27182
31,0.07496725484755,0.0983347655419254,0.8720977958518237,0.8571428571428571,swin_tiny,focal_loss,27182
32,0.0706651199052539,0.0965743201902543,0.8720156664226167,0.8555008210180624,swin_tiny,focal_loss,27182
33,0.0729558712594957,0.0960846557381313,0.8732274453070344,0.8571428571428571,swin_tiny,focal_loss,27182
1,0.4600741834967333,0.2680427689466179,0.6003743606425843,0.625615763546798,swin_tiny,focal_loss,31415
2,0.2366070828768825,0.2132214398806905,0.7013228283511086,0.6962233169129721,swin_tiny,focal_loss,31415
3,0.1988261628025236,0.1691955665649451,0.7756992942837823,0.7569786535303776,swin_tiny,focal_loss,31415
4,0.1727655410399965,0.1625172582948932,0.7748575201941312,0.7651888341543513,swin_tiny,focal_loss,31415
5,0.1605890589486316,0.1385041415593502,0.8204959466889009,0.8095238095238095,swin_tiny,focal_loss,31415
6,0.1483043923397894,0.1548800455721337,0.7958950045978275,0.7832512315270936,swin_tiny,focal_loss,31415
7,0.1379053313697578,0.1226912833297585,0.8381221264546925,0.8275862068965517,swin_tiny,focal_loss,31415
8,0.1294378157109284,0.1235653525111319,0.8002598533823704,0.8013136288998358,swin_tiny,focal_loss,31415
9,0.124259244545849,0.1307389517429427,0.8439472775753741,0.8341543513957307,swin_tiny,focal_loss,31415
10,0.1179524640312094,0.1048394200347718,0.8511720124989843,0.8374384236453202,swin_tiny,focal_loss,31415
11,0.1093351877898449,0.102737302165509,0.8495700717795669,0.8440065681444991,swin_tiny,focal_loss,31415
12,0.1107691649550503,0.1293209985950701,0.84567226348942,0.8292282430213465,swin_tiny,focal_loss,31415
13,0.1017092356363373,0.1132994910276973,0.8605389852520597,0.8440065681444991,swin_tiny,focal_loss,31415
14,0.1057851483616552,0.115103069490987,0.8449986058479861,0.8325123152709359,swin_tiny,focal_loss,31415
15,0.0975466363406977,0.136284619227223,0.8319162628190806,0.8243021346469622,swin_tiny,focal_loss,31415
16,0.0991502949519505,0.1595243052357719,0.8100342046516772,0.8160919540229885,swin_tiny,focal_loss,31415
17,0.0908620182365859,0.1287967167268637,0.8154886782003575,0.80623973727422,swin_tiny,focal_loss,31415
18,0.0883356351215516,0.1075194583982473,0.8554986805176795,0.8489326765188834,swin_tiny,focal_loss,31415
19,0.0889083045883421,0.0956178107138337,0.8577438645605284,0.8423645320197044,swin_tiny,focal_loss,31415
20,0.0849122222336189,0.0927756727475838,0.8531382033361172,0.8423645320197044,swin_tiny,focal_loss,31415
21,0.0833987469891305,0.129103977691951,0.8345424084734279,0.8226600985221675,swin_tiny,focal_loss,31415
1,0.4057378584136024,0.2830058774728884,0.5362336066109651,0.5648604269293924,swin_tiny,focal_loss,42
2,0.2391514207126805,0.2119093973844117,0.7455136007443657,0.7323481116584565,swin_tiny,focal_loss,42
3,0.1940969818505754,0.2142862978044206,0.7038592447933198,0.6978653530377669,swin_tiny,focal_loss,42
4,0.1719151804233477,0.1418871950046182,0.8003868296840062,0.7832512315270936,swin_tiny,focal_loss,42
5,0.1553267536766709,0.1553144295912462,0.8098570978769342,0.7881773399014779,swin_tiny,focal_loss,42
6,0.1478261222791169,0.1415232291264682,0.8084269980064136,0.7980295566502463,swin_tiny,focal_loss,42
7,0.1389090951695802,0.1134727189106307,0.8356662423066041,0.8275862068965517,swin_tiny,focal_loss,42
8,0.1338618658208051,0.1644006861352372,0.8090807274839013,0.7881773399014779,swin_tiny,focal_loss,42
9,0.1265737038347968,0.1317983540310257,0.8370523869093567,0.8325123152709359,swin_tiny,focal_loss,42
10,0.1212379911531463,0.1445382138582677,0.8241501123166992,0.8144499178981938,swin_tiny,focal_loss,42
11,0.1102273525902592,0.1317844531316866,0.8342705558945427,0.8275862068965517,swin_tiny,focal_loss,42
12,0.1102703216965253,0.1066002857508917,0.8504655340447096,0.8456486042692939,swin_tiny,focal_loss,42
13,0.1043146105087075,0.1013099010942017,0.8464539625012361,0.8357963875205254,swin_tiny,focal_loss,42
14,0.1011548266050476,0.112261217069156,0.8385205494871194,0.8341543513957307,swin_tiny,focal_loss,42
15,0.0960109756182493,0.1294607729062266,0.8469030880104407,0.8325123152709359,swin_tiny,focal_loss,42
16,0.0889028560062493,0.0989217269792541,0.8507279739050247,0.8357963875205254,swin_tiny,focal_loss,42
17,0.1006049525915843,0.104792326150465,0.8692442660801764,0.8538587848932676,swin_tiny,focal_loss,42
18,0.0901135534781353,0.1201332194856039,0.8336065247521851,0.8210180623973727,swin_tiny,focal_loss,42
19,0.0899351047689131,0.1116200832065886,0.8571669974950042,0.8456486042692939,swin_tiny,focal_loss,42
20,0.0889770841739927,0.1048739997330557,0.8424188030540499,0.8341543513957307,swin_tiny,focal_loss,42
21,0.0888349642129271,0.1096319522225406,0.8506377089801063,0.8423645320197044,swin_tiny,focal_loss,42
22,0.0863912505587081,0.1085595444260755,0.8603810085907273,0.8472906403940886,swin_tiny,focal_loss,42
23,0.082061169186512,0.0921099159762581,0.8697733093464712,0.8555008210180624,swin_tiny,focal_loss,42
24,0.0848509222661883,0.1217426206726941,0.839394062308465,0.8292282430213465,swin_tiny,focal_loss,42
25,0.0778858007316482,0.0945193555652605,0.8605782864704874,0.8522167487684729,swin_tiny,focal_loss,42
26,0.0755892407980556,0.1088149635417903,0.8552602799650043,0.8440065681444991,swin_tiny,focal_loss,42
27,0.0702416274925736,0.1161889304423762,0.8488378176993385,0.8407224958949097,swin_tiny,focal_loss,42
28,0.0798933902464034,0.1038544209083704,0.8611064702953367,0.8489326765188834,swin_tiny,focal_loss,42
29,0.0701945329225754,0.108104170885775,0.8654862951892166,0.8505747126436781,swin_tiny,focal_loss,42
30,0.0764753341962876,0.1028911058342907,0.8654800040441272,0.8522167487684729,swin_tiny,focal_loss,42
31,0.072261117354546,0.1023847952069124,0.8619858329401373,0.8505747126436781,swin_tiny,focal_loss,42
1,0.8479046486593089,0.6827398008117926,0.6439653163539172,0.6666666666666666,swin_tiny,standard_ce,1337
2,0.6453650875544087,0.5198672338463795,0.7862317821914503,0.7783251231527094,swin_tiny,standard_ce,1337
3,0.482785122214386,0.4240835809159552,0.8328030091946805,0.80623973727422,swin_tiny,standard_ce,1337
4,0.4373806676252864,0.3126661598878149,0.890061122139809,0.8768472906403941,swin_tiny,standard_ce,1337
5,0.4040747515346547,0.3116911363914878,0.9052165235788338,0.8899835796387521,swin_tiny,standard_ce,1337
6,0.3523509899426009,0.3668457928843099,0.8458774393268665,0.8226600985221675,swin_tiny,standard_ce,1337
7,0.3040389944358953,0.2901654824834739,0.9093724756487864,0.9014778325123152,swin_tiny,standard_ce,1337
8,0.2917065100636339,0.2169500229687526,0.9281044398335424,0.9277504105090312,swin_tiny,standard_ce,1337
9,0.2307199099570879,0.2332827763017175,0.91331074924196,0.9178981937602628,swin_tiny,standard_ce,1337
10,0.262143378967979,0.3459385177380542,0.9032056713551376,0.8932676518883416,swin_tiny,standard_ce,1337
11,0.2565708042343387,0.2506262420237749,0.9115880513245802,0.90311986863711,swin_tiny,standard_ce,1337
12,0.2554591511066852,0.1904153123082002,0.9405975457567066,0.9392446633825944,swin_tiny,standard_ce,1337
13,0.3056144590641786,0.4271889874109102,0.8187508868109482,0.8111658456486043,swin_tiny,standard_ce,1337
14,0.3001149230242194,0.1894313718493544,0.936152219517375,0.929392446633826,swin_tiny,standard_ce,1337
15,0.2295010866724963,0.184219337632797,0.93563996315495,0.9261083743842364,swin_tiny,standard_ce,1337
16,0.1873263770593281,0.1568862590174174,0.9351786130536128,0.9277504105090312,swin_tiny,standard_ce,1337
17,0.1578414799524422,0.1701156266694292,0.9440616951833016,0.9359605911330048,swin_tiny,standard_ce,1337
18,0.169670649145211,0.3288771816336646,0.8818040850218507,0.8686371100164204,swin_tiny,standard_ce,1337
19,0.1457550947061741,0.1936556827429871,0.9161222229023048,0.9211822660098522,swin_tiny,standard_ce,1337
20,0.138068104170014,0.1281070122082392,0.9591988197494192,0.9540229885057472,swin_tiny,standard_ce,1337
21,0.1178241954353656,0.1062758873344501,0.9629902379006652,0.9589490968801314,swin_tiny,standard_ce,1337
22,0.1274933971163468,0.1102938604570178,0.968460870197806,0.9622331691297208,swin_tiny,standard_ce,1337
23,0.1105034845588182,0.0890879204316288,0.9724834565632842,0.9688013136289,swin_tiny,standard_ce,1337
24,0.0925852735610335,0.100706902367777,0.9683414680540554,0.9638752052545156,swin_tiny,standard_ce,1337
25,0.087446047270078,0.1215158711923118,0.949546959354184,0.947454844006568,swin_tiny,standard_ce,1337
26,0.0824640098559835,0.0783986260950846,0.9778531681228754,0.973727422003284,swin_tiny,standard_ce,1337
27,0.0775899224886785,0.0789148552730918,0.9766464964253464,0.973727422003284,swin_tiny,standard_ce,1337
28,0.0720614853054808,0.089405175905953,0.9700047961015796,0.9655172413793104,swin_tiny,standard_ce,1337
29,0.0679713037953448,0.0792428427092939,0.974060021502866,0.9688013136289,swin_tiny,standard_ce,1337
30,0.0638073340156532,0.077084520301049,0.976527765303685,0.9720853858784894,swin_tiny,standard_ce,1337
31,0.0570435042396475,0.0835031043770241,0.9737306635250528,0.9688013136289,swin_tiny,standard_ce,1337
32,0.0692909116838749,0.0821435400430107,0.9766701069751812,0.9720853858784894,swin_tiny,standard_ce,1337
33,0.063866410610595,0.0797935302074148,0.9766701069751812,0.9720853858784894,swin_tiny,standard_ce,1337
34,0.0534096019848856,0.0798005752104115,0.9766701069751812,0.9720853858784894,swin_tiny,standard_ce,1337
1,0.8135165934822471,0.629736631374641,0.7638270568073302,0.7454844006568144,swin_tiny,standard_ce,2025
2,0.6430597925437566,0.6535870469066701,0.7106575902527614,0.7257799671592775,swin_tiny,standard_ce,2025
3,0.5195000772002711,0.6441581957837436,0.710735589991404,0.7060755336617406,swin_tiny,standard_ce,2025
4,0.4147503773441214,0.3800585099628993,0.8390336044334061,0.825944170771757,swin_tiny,standard_ce,2025
5,0.3572266060145332,0.373946088092472,0.8598148469590391,0.8686371100164204,swin_tiny,standard_ce,2025
6,0.3471545460354046,0.2801972996620905,0.8992677358658536,0.8932676518883416,swin_tiny,standard_ce,2025
7,0.2982351089613299,0.198855503635062,0.9353455469678972,0.93431855500821,swin_tiny,standard_ce,2025
8,0.2562989004414613,0.2661755618399196,0.9084441349141196,0.8998357963875205,swin_tiny,standard_ce,2025
9,0.2082909313100922,0.3215020301894014,0.8884630696141979,0.8768472906403941,swin_tiny,standard_ce,2025
10,0.2167984484342992,0.1757188461879987,0.916817022925465,0.9211822660098522,swin_tiny,standard_ce,2025
11,0.200895195580063,0.1566031946875583,0.9472979000702804,0.9441707717569786,swin_tiny,standard_ce,2025
12,0.1697256576354977,0.1632780070326402,0.946517009891173,0.9458128078817734,swin_tiny,standard_ce,2025
13,0.1808322717623886,0.1233618195934836,0.9605717261851324,0.955665024630542,swin_tiny,standard_ce,2025
14,0.1319217949490241,0.1091063138593006,0.944345422762689,0.9523809523809524,swin_tiny,standard_ce,2025
15,0.1495410587920141,0.155919421188937,0.9280515177491108,0.9326765188834154,swin_tiny,standard_ce,2025
16,0.1191398993350552,0.1046850708464683,0.954986598085825,0.9605911330049262,swin_tiny,standard_ce,2025
17,0.107135339573628,0.1007594439967218,0.9642459069757798,0.9622331691297208,swin_tiny,standard_ce,2025
18,0.0886442572493859,0.1025073329638231,0.9672230848861284,0.9605911330049262,swin_tiny,standard_ce,2025
19,0.0844369473083105,0.0612562901244081,0.98512955229498,0.9819376026272578,swin_tiny,standard_ce,2025
20,0.0710407357489418,0.0829402943966032,0.9711755008304273,0.9688013136289,swin_tiny,standard_ce,2025
21,0.0658533349855817,0.0641799075054907,0.975535692809152,0.973727422003284,swin_tiny,standard_ce,2025
22,0.0857823205106811,0.0677692415483283,0.9796312532290878,0.9753694581280788,swin_tiny,standard_ce,2025
23,0.0745864810458071,0.0864346656697528,0.9610926026585752,0.9638752052545156,swin_tiny,standard_ce,2025
24,0.0592271131320949,0.0761392116577216,0.9791466794635508,0.9753694581280788,swin_tiny,standard_ce,2025
25,0.0464545361006956,0.0729173076478993,0.9665500968233212,0.9688013136289,swin_tiny,standard_ce,2025
26,0.0399243299445049,0.057876462575617,0.979685785497602,0.9770114942528736,swin_tiny,standard_ce,2025
27,0.0413610336752133,0.0502675525241566,0.97946047008547,0.9753694581280788,swin_tiny,standard_ce,2025
1,0.8197178876881859,0.6062725604265585,0.735608124940117,0.7307060755336617,swin_tiny,standard_ce,27182
2,0.6292312480653317,0.4611333183858586,0.8444229538433823,0.8210180623973727,swin_tiny,standard_ce,27182
3,0.5102500596658207,0.4188989173798334,0.8477405663261143,0.8308702791461412,swin_tiny,standard_ce,27182
4,0.4383098271693412,0.372844019987313,0.8576440324440805,0.8440065681444991,swin_tiny,standard_ce,27182
5,0.389637488624333,0.301168309741811,0.9000172304641028,0.896551724137931,swin_tiny,standard_ce,27182
6,0.3428179032563744,0.451071516633621,0.8177056483694759,0.825944170771757,swin_tiny,standard_ce,27182
7,0.3693883935261275,0.3837805702572777,0.8510471478955207,0.8407224958949097,swin_tiny,standard_ce,27182
8,0.3179050958219437,0.4441068980885648,0.8246133584995519,0.8095238095238095,swin_tiny,standard_ce,27182
9,0.2970757052590432,0.319561437628735,0.8770165396190787,0.8669950738916257,swin_tiny,standard_ce,27182
10,0.2935157707723771,0.1551139933624487,0.9383639169552234,0.9359605911330048,swin_tiny,standard_ce,27182
11,0.2268558161120423,0.2658358000475785,0.8991326569874821,0.9047619047619048,swin_tiny,standard_ce,27182
12,0.18737119458786,0.2086825548795056,0.9219686710502278,0.9244663382594416,swin_tiny,standard_ce,27182
13,0.1766385040718976,0.1688349682207667,0.9310334717222506,0.929392446633826,swin_tiny,standard_ce,27182
14,0.1804956918232051,0.1566482295445816,0.938794055179778,0.929392446633826,swin_tiny,standard_ce,27182
15,0.1657592561861961,0.2511940222242709,0.905926906747643,0.9080459770114944,swin_tiny,standard_ce,27182
16,0.1513674107895794,0.0936197477265923,0.9703791390232251,0.9688013136289,swin_tiny,standard_ce,27182
17,0.1246035559197825,0.1220960835566857,0.9538566491237552,0.947454844006568,swin_tiny,standard_ce,27182
18,0.118879717547178,0.1411083986243303,0.9560537279915448,0.9507389162561576,swin_tiny,standard_ce,27182
19,0.1353771279181349,0.143353600330247,0.9470183626287596,0.942528735632184,swin_tiny,standard_ce,27182
20,0.1112565947568898,0.1633972676321007,0.9376101904235622,0.9359605911330048,swin_tiny,standard_ce,27182
21,0.1020446701986823,0.0928035029661283,0.9698181580948873,0.9655172413793104,swin_tiny,standard_ce,27182
22,0.0925769614759564,0.0981211401300416,0.9701501728488334,0.9655172413793104,swin_tiny,standard_ce,27182
23,0.0734459560693475,0.0899206551957159,0.9727876058729656,0.9671592775041052,swin_tiny,standard_ce,27182
24,0.0649730592180429,0.096367407562624,0.9689573534910866,0.9638752052545156,swin_tiny,standard_ce,27182
25,0.0662893104745052,0.0669571832892881,0.982281210612991,0.9786535303776684,swin_tiny,standard_ce,27182
26,0.0593708726061878,0.0719836530350576,0.9784297093001652,0.973727422003284,swin_tiny,standard_ce,27182
27,0.0670357677876059,0.0762777803756284,0.9732239807545218,0.9688013136289,swin_tiny,standard_ce,27182
28,0.0523401888918053,0.0619943532205763,0.98107190485524,0.9770114942528736,swin_tiny,standard_ce,27182
29,0.0525001577455599,0.065955622091871,0.98128072896524,0.9770114942528736,swin_tiny,standard_ce,27182
30,0.0472251742695227,0.0512021410566477,0.9852425187332317,0.9819376026272578,swin_tiny,standard_ce,27182
31,0.0420906880268129,0.049934031218535,0.9865773657685964,0.9835796387520526,swin_tiny,standard_ce,27182
32,0.0480228679909359,0.0507404589230326,0.9838252082645136,0.9819376026272578,swin_tiny,standard_ce,27182
33,0.0510960431188436,0.0495672209160815,0.985261153243752,0.9819376026272578,swin_tiny,standard_ce,27182
34,0.0335091833798547,0.0495002225759379,0.985261153243752,0.9819376026272578,swin_tiny,standard_ce,27182
1,0.8360532394402476,0.7402437770699437,0.7005442489360781,0.6666666666666666,swin_tiny,standard_ce,31415
2,0.650304543427298,0.4261682053113414,0.8263358640923564,0.8226600985221675,swin_tiny,standard_ce,31415
3,0.5281702753424854,0.4415538495005841,0.7991006719350477,0.7931034482758621,swin_tiny,standard_ce,31415
4,0.427262451595288,0.3781664492852973,0.8395351924901413,0.8243021346469622,swin_tiny,standard_ce,31415
5,0.3747882395563729,0.2602217132822046,0.9304430964461264,0.916256157635468,swin_tiny,standard_ce,31415
6,0.363353903840422,0.2735843907044634,0.9033026363769646,0.9014778325123152,swin_tiny,standard_ce,31415
7,0.3137108594022023,0.2340638261710481,0.922277177368142,0.9113300492610836,swin_tiny,standard_ce,31415
8,0.25755077423446,0.1294793635362083,0.958900351180554,0.955665024630542,swin_tiny,standard_ce,31415
9,0.2451852389452537,0.2077376626199493,0.9231662668634972,0.9178981937602628,swin_tiny,standard_ce,31415
10,0.2187453355699096,0.102823752341012,0.9724186847225402,0.9671592775041052,swin_tiny,standard_ce,31415
11,0.2457841927483547,0.1825626220413421,0.9294439791034076,0.9261083743842364,swin_tiny,standard_ce,31415
12,0.2181356674521795,0.2076281581214691,0.9166468882198584,0.9178981937602628,swin_tiny,standard_ce,31415
13,0.2217372307039941,0.3012871577821929,0.8745154668052516,0.8932676518883416,swin_tiny,standard_ce,31415
14,0.1720491312090667,0.1311210603843181,0.9504791646709456,0.942528735632184,swin_tiny,standard_ce,31415
15,0.1830908812438457,0.1218853265487501,0.9678516053785452,0.9638752052545156,swin_tiny,standard_ce,31415
16,0.166742976884536,0.1218015644057043,0.9527731656381052,0.9573070607553368,swin_tiny,standard_ce,31415
17,0.1632877303107342,0.102471640960532,0.9742784188326372,0.9688013136289,swin_tiny,standard_ce,31415
18,0.105559786803274,0.0864245084914178,0.9770948670655027,0.9753694581280788,swin_tiny,standard_ce,31415
19,0.10402997224829,0.0827984119014591,0.979601484498516,0.9753694581280788,swin_tiny,standard_ce,31415
20,0.0848757241333725,0.1026893898337002,0.9644974253388888,0.9589490968801314,swin_tiny,standard_ce,31415
21,0.095596119195799,0.0868155546119354,0.96902447271036,0.9704433497536946,swin_tiny,standard_ce,31415
22,0.0737585673285468,0.0590959494938838,0.9840163106600012,0.9802955665024632,swin_tiny,standard_ce,31415
23,0.074145492957823,0.0698165855231298,0.9807242153129758,0.9770114942528736,swin_tiny,standard_ce,31415
24,0.0676751799747243,0.0650575034846421,0.9868782215972092,0.9852216748768472,swin_tiny,standard_ce,31415
25,0.0562258013257321,0.0512123977695094,0.9797395104895104,0.9770114942528736,swin_tiny,standard_ce,31415
26,0.0559332085472183,0.0866102376740199,0.9739419666173946,0.9704433497536946,swin_tiny,standard_ce,31415
27,0.0573529348939473,0.0389385532820215,0.9908607510800932,0.9885057471264368,swin_tiny,standard_ce,31415
28,0.0394566393458989,0.0590323901541029,0.9772020807335732,0.9753694581280788,swin_tiny,standard_ce,31415
29,0.0526347808770652,0.0623456097662155,0.9796222486295664,0.9753694581280788,swin_tiny,standard_ce,31415
30,0.0470094439071097,0.0567042398234379,0.9801138716356108,0.9753694581280788,swin_tiny,standard_ce,31415
31,0.0427727666187553,0.0459078495315779,0.9893707405282672,0.986863711001642,swin_tiny,standard_ce,31415
32,0.0447506768738618,0.0460944502248944,0.985364437487891,0.9835796387520526,swin_tiny,standard_ce,31415
33,0.0405336688071332,0.0471824190207743,0.9866821859503352,0.9852216748768472,swin_tiny,standard_ce,31415
34,0.0426625767695007,0.0470347511605015,0.9866821859503352,0.9852216748768472,swin_tiny,standard_ce,31415
1,0.824929626000577,0.6586518422723404,0.6899072203688337,0.7060755336617406,swin_tiny,standard_ce,42
2,0.6564809020667587,0.8015016123579053,0.6636514455492797,0.6535303776683087,swin_tiny,standard_ce,42
3,0.5013049764666699,0.4684559594234222,0.7984807653760491,0.7898193760262726,swin_tiny,standard_ce,42
4,0.4125625954361498,0.4234005755000122,0.8007043270031545,0.7963875205254516,swin_tiny,standard_ce,42
5,0.391557261751071,0.3899444426809038,0.8469981422952491,0.8390804597701149,swin_tiny,standard_ce,42
6,0.3340226821195471,0.5650477487661177,0.7726390608706986,0.7651888341543513,swin_tiny,standard_ce,42
7,0.3410422292346485,0.3275398581681776,0.8692623199361771,0.8604269293924466,swin_tiny,standard_ce,42
8,0.3109819315125108,0.3203327413923634,0.8651598046257324,0.8587848932676518,swin_tiny,standard_ce,42
9,0.3238486697625611,0.2668382288591419,0.9131062545254016,0.90311986863711,swin_tiny,standard_ce,42
10,0.3165823888380624,0.2337549672338175,0.9253822242160364,0.9195402298850576,swin_tiny,standard_ce,42
11,0.2704599811710247,0.2657343172674696,0.9069324520486176,0.8949096880131363,swin_tiny,standard_ce,42
12,0.2390262045634023,0.1925537249529107,0.92873755210061,0.922824302134647,swin_tiny,standard_ce,42
13,0.2221907615818751,0.1683441184228668,0.9373428482274953,0.9326765188834154,swin_tiny,standard_ce,42
14,0.2953346523019258,0.270222244738358,0.9186206390531346,0.9080459770114944,swin_tiny,standard_ce,42
15,0.2336750644529222,0.2187227523091978,0.9062494752891138,0.9113300492610836,swin_tiny,standard_ce,42
16,0.2131717407012027,0.1836124133985422,0.9383690783807064,0.9310344827586208,swin_tiny,standard_ce,42
17,0.1746246195530849,0.1543886316527286,0.9370877862400642,0.9359605911330048,swin_tiny,standard_ce,42
18,0.1555188197321757,0.1156058412271571,0.967516275396025,0.9622331691297208,swin_tiny,standard_ce,42
19,0.1459654835810613,0.100954259557677,0.9693097196179806,0.9704433497536946,swin_tiny,standard_ce,42
20,0.1332541130129608,0.096434427844284,0.9751233105569748,0.9704433497536946,swin_tiny,standard_ce,42
21,0.1407429176168303,0.1748731152471063,0.9346252660353932,0.9277504105090312,swin_tiny,standard_ce,42
22,0.1152011621841647,0.100310121312713,0.9616545648745676,0.9605911330049262,swin_tiny,standard_ce,42
23,0.0949058778888442,0.080126590231565,0.9767095941199536,0.9720853858784894,swin_tiny,standard_ce,42
24,0.1043694258521856,0.1040709200506335,0.9635957040448634,0.955665024630542,swin_tiny,standard_ce,42
25,0.0811807100305919,0.0800631567040589,0.9771044610150093,0.9720853858784894,swin_tiny,standard_ce,42
26,0.0881876488191669,0.0672953738808044,0.9813284952606636,0.9770114942528736,swin_tiny,standard_ce,42
27,0.0752696089127374,0.0547659079649765,0.98228509463307,0.9786535303776684,swin_tiny,standard_ce,42
28,0.0701312155827801,0.0596790179390038,0.9809327190028944,0.9770114942528736,swin_tiny,standard_ce,42
29,0.0583141419957989,0.0556564730651713,0.9836365257713572,0.9802955665024632,swin_tiny,standard_ce,42
30,0.0567623936739768,0.0578632011446851,0.9841176887208808,0.9802955665024632,swin_tiny,standard_ce,42
31,0.0620379147759797,0.0487283974983813,0.9850585717458784,0.9819376026272578,swin_tiny,standard_ce,42
32,0.0604275210988045,0.0518055891462147,0.985261153243752,0.9819376026272578,swin_tiny,standard_ce,42
33,0.0617347664449377,0.0526836242263736,0.9852425187332317,0.9819376026272578,swin_tiny,standard_ce,42
34,0.0709110391631145,0.0524118563469211,0.9852425187332317,0.9819376026272578,swin_tiny,standard_ce,42
1,1.0253404297183393,0.7839442411275529,0.7070590435950483,0.6929392446633826,vit_b_16,balanced_ce,1337
2,0.6153829781158527,0.5371768533302645,0.8152359838739728,0.8013136288998358,vit_b_16,balanced_ce,1337
3,0.4949884126548817,0.395230862503177,0.8630021090905844,0.8472906403940886,vit_b_16,balanced_ce,1337
4,0.3304114919450455,0.3338417489393591,0.8876005206163927,0.8817733990147784,vit_b_16,balanced_ce,1337
5,0.2942830102514927,0.4387633281779798,0.8529900098177409,0.8587848932676518,vit_b_16,balanced_ce,1337
6,0.2869867305973502,0.3411262258520267,0.8864574293988415,0.8669950738916257,vit_b_16,balanced_ce,1337
7,0.2336214063928081,0.2039359345028944,0.9277947702630098,0.9195402298850576,vit_b_16,balanced_ce,1337
8,0.2535162108172851,0.3114916655817643,0.8852578217269768,0.8686371100164204,vit_b_16,balanced_ce,1337
9,0.2108902166239092,0.1778256140514743,0.9519952026812066,0.9458128078817734,vit_b_16,balanced_ce,1337
10,0.1794792391765725,0.2085699608858387,0.9288071871332776,0.9146141215106732,vit_b_16,balanced_ce,1337
11,0.1928570805461209,0.4667207599664948,0.8445043607854409,0.8210180623973727,vit_b_16,balanced_ce,1337
12,0.1612629278027739,0.3276933578434836,0.8923338219799962,0.8768472906403941,vit_b_16,balanced_ce,1337
13,0.1489390665504865,0.2751673486921783,0.8955086313560889,0.909688013136289,vit_b_16,balanced_ce,1337
14,0.1416473110525595,0.1666285390636848,0.9513249508519004,0.9408866995073892,vit_b_16,balanced_ce,1337
15,0.1387357259886126,0.1685975760172544,0.9517018809137624,0.942528735632184,vit_b_16,balanced_ce,1337
16,0.1243661258507173,0.18076828623738,0.9396398269651328,0.929392446633826,vit_b_16,balanced_ce,1337
17,0.109423577524918,0.2197976703763204,0.9280768089899112,0.916256157635468,vit_b_16,balanced_ce,1337
1,1.0640959870836229,0.8125849384783915,0.6239041766208322,0.6486042692939245,vit_b_16,balanced_ce,2025
2,0.6331152905688764,0.7308239279122188,0.7155237765519755,0.7044334975369458,vit_b_16,balanced_ce,2025
3,0.4877441815207,0.5818858021390066,0.7647427527133345,0.7438423645320197,vit_b_16,balanced_ce,2025
4,0.4081180422502997,0.525432142326593,0.7494782228297108,0.7536945812807881,vit_b_16,balanced_ce,2025
5,0.326093589238207,0.3272411191013255,0.8847822764314437,0.8637110016420362,vit_b_16,balanced_ce,2025
6,0.2995848620817825,0.335765199120996,0.8825954876332145,0.8604269293924466,vit_b_16,balanced_ce,2025
7,0.2473713982660448,0.4033153192163101,0.878447995442885,0.8702791461412152,vit_b_16,balanced_ce,2025
8,0.2685555773323994,0.2869206721755279,0.9085379574896542,0.8981937602627258,vit_b_16,balanced_ce,2025
9,0.2179005621816236,0.2435174374206508,0.9108182353754244,0.9064039408866996,vit_b_16,balanced_ce,2025
10,0.1894934473038767,0.1761247751062922,0.9464534088836608,0.9359605911330048,vit_b_16,balanced_ce,2025
11,0.1783828522649926,0.2677040817017234,0.9200347819983644,0.909688013136289,vit_b_16,balanced_ce,2025
12,0.1752561044674661,0.2472580817141164,0.9062355164342164,0.90311986863711,vit_b_16,balanced_ce,2025
13,0.142086396385999,0.173953994863922,0.9421357411924848,0.9326765188834154,vit_b_16,balanced_ce,2025
14,0.167995595269442,0.2478398082683043,0.9434218806184824,0.9326765188834154,vit_b_16,balanced_ce,2025
15,0.1519998641380212,0.1420591976891206,0.9488241384079468,0.9458128078817734,vit_b_16,balanced_ce,2025
16,0.1099329679602059,0.1249294846956365,0.9577940025342054,0.9507389162561576,vit_b_16,balanced_ce,2025
17,0.1430251437980806,0.1619261214004949,0.9523653642086116,0.942528735632184,vit_b_16,balanced_ce,2025
18,0.1182102567838711,0.1631723839318615,0.9426063238065197,0.9376026272577996,vit_b_16,balanced_ce,2025
19,0.1013143608755774,0.1534630644008248,0.9478969763803922,0.9392446633825944,vit_b_16,balanced_ce,2025
20,0.1014393806532811,0.1170621824333037,0.9631483090958994,0.955665024630542,vit_b_16,balanced_ce,2025
21,0.098205165923794,0.1190787190433793,0.9592490842490842,0.9507389162561576,vit_b_16,balanced_ce,2025
22,0.0803368844674582,0.1758819878199221,0.9465885942707134,0.9376026272577996,vit_b_16,balanced_ce,2025
23,0.0759587435945475,0.116647034076047,0.964884586983192,0.9573070607553368,vit_b_16,balanced_ce,2025
24,0.0551432493396483,0.1237774213962562,0.9604519229492948,0.9523809523809524,vit_b_16,balanced_ce,2025
25,0.0731319174766278,0.097866469715861,0.967715460270894,0.9605911330049262,vit_b_16,balanced_ce,2025
26,0.0607200351731953,0.1009463440498401,0.9745355716702828,0.9688013136289,vit_b_16,balanced_ce,2025
27,0.0453138038286896,0.1109058716577555,0.9648146487096404,0.9573070607553368,vit_b_16,balanced_ce,2025
28,0.0492781914485805,0.1075570461491645,0.9665609840150572,0.9589490968801314,vit_b_16,balanced_ce,2025
29,0.0395365892465902,0.0937460604963337,0.9771855804993242,0.9720853858784894,vit_b_16,balanced_ce,2025
30,0.0358905779115973,0.0856024259624907,0.974809724590752,0.9688013136289,vit_b_16,balanced_ce,2025
31,0.0403551704664379,0.0857898911708975,0.9732810867293626,0.9671592775041052,vit_b_16,balanced_ce,2025
32,0.0252508908506934,0.0774010628957319,0.9810339239412272,0.9770114942528736,vit_b_16,balanced_ce,2025
33,0.0325190634235923,0.0791651059694478,0.9770787766975192,0.9720853858784894,vit_b_16,balanced_ce,2025
34,0.0337520734830168,0.0793370449325231,0.9770787766975192,0.9720853858784894,vit_b_16,balanced_ce,2025
1,1.0290495812578653,0.7262177553474414,0.7382074257898783,0.7372742200328407,vit_b_16,balanced_ce,27182
2,0.6077981671046708,0.4788664851478363,0.8161412940367564,0.8177339901477833,vit_b_16,balanced_ce,27182
3,0.3899188364536775,0.4174901058374367,0.8451166034940496,0.8325123152709359,vit_b_16,balanced_ce,27182
4,0.334027604122363,0.4482283995460798,0.8143646095951386,0.7980295566502463,vit_b_16,balanced_ce,27182
5,0.3185646901702629,0.2440405156714184,0.9244779244751606,0.909688013136289,vit_b_16,balanced_ce,27182
6,0.257600558364538,0.2772132250524702,0.9116415852604948,0.9080459770114944,vit_b_16,balanced_ce,27182
7,0.2463111534950393,0.3378033277827922,0.8728157134584812,0.8752052545155994,vit_b_16,balanced_ce,27182
8,0.236888072015112,0.3584495102634962,0.8744451580995453,0.8604269293924466,vit_b_16,balanced_ce,27182
9,0.2278026336211521,0.2301459424992891,0.9221235292776004,0.9047619047619048,vit_b_16,balanced_ce,27182
10,0.1991808878608139,0.1683109766866381,0.9506165846112646,0.9408866995073892,vit_b_16,balanced_ce,27182
11,0.1456780328875266,0.2008720626335817,0.9381348794247324,0.922824302134647,vit_b_16,balanced_ce,27182
12,0.1667554153394615,0.1432177024619724,0.95271133520534,0.942528735632184,vit_b_16,balanced_ce,27182
13,0.1356722225518553,0.2605896987547036,0.9106620127569848,0.9080459770114944,vit_b_16,balanced_ce,27182
14,0.1668282715672453,0.1380954948062771,0.9537693314774984,0.947454844006568,vit_b_16,balanced_ce,27182
15,0.1417117427805396,0.1654145884555451,0.94076802400156,0.9310344827586208,vit_b_16,balanced_ce,27182
16,0.1306585941849986,0.2566202734589381,0.9238024347241212,0.909688013136289,vit_b_16,balanced_ce,27182
17,0.101209306644901,0.1758664370023558,0.9475019103511484,0.9376026272577996,vit_b_16,balanced_ce,27182
18,0.0897220542264843,0.1761834990777601,0.9467075026757406,0.9359605911330048,vit_b_16,balanced_ce,27182
19,0.0960823187732214,0.1281750578011198,0.9621815526388722,0.9573070607553368,vit_b_16,balanced_ce,27182
20,0.0720152964216439,0.1523990477442937,0.9479815596450772,0.9376026272577996,vit_b_16,balanced_ce,27182
21,0.07948324488106,0.1154034273524589,0.9676598276159596,0.9605911330049262,vit_b_16,balanced_ce,27182
22,0.0570342316647405,0.099237397417108,0.9704610551379648,0.9638752052545156,vit_b_16,balanced_ce,27182
23,0.0648252353931471,0.1119407038823724,0.9673396126429512,0.9605911330049262,vit_b_16,balanced_ce,27182
24,0.0640447156055321,0.1061051767227685,0.968657834153664,0.9622331691297208,vit_b_16,balanced_ce,27182
25,0.0583354453063571,0.0784186728739092,0.9753198585604804,0.9704433497536946,vit_b_16,balanced_ce,27182
26,0.0432404486334805,0.0769376489647307,0.981140112537046,0.9770114942528736,vit_b_16,balanced_ce,27182
27,0.0450420183470875,0.093918059369907,0.9643307796304642,0.9573070607553368,vit_b_16,balanced_ce,27182
28,0.0339242999019225,0.0848360487087117,0.9756695365925704,0.9704433497536946,vit_b_16,balanced_ce,27182
29,0.0274249420398175,0.087627913289029,0.9753869991938288,0.9704433497536946,vit_b_16,balanced_ce,27182
30,0.0343343762326118,0.0913262106172361,0.9714004071735708,0.9655172413793104,vit_b_16,balanced_ce,27182
31,0.0294501927558509,0.0882312706465204,0.9742766226099304,0.9688013136289,vit_b_16,balanced_ce,27182
32,0.0277194031839944,0.0939282315778614,0.9717442404162092,0.9655172413793104,vit_b_16,balanced_ce,27182
33,0.0268413723340857,0.0938197931302298,0.9717442404162092,0.9655172413793104,vit_b_16,balanced_ce,27182
34,0.0282818407304437,0.0943956856228937,0.9717442404162092,0.9655172413793104,vit_b_16,balanced_ce,27182
1,1.0117039324738648,0.7935930191002456,0.6567451515433501,0.6600985221674877,vit_b_16,balanced_ce,31415
2,0.6284620711275479,0.4255993571774712,0.8567645049700234,0.8440065681444991,vit_b_16,balanced_ce,31415
3,0.4244066389248115,0.4342507828632599,0.8197517137475616,0.8292282430213465,vit_b_16,balanced_ce,31415
4,0.3283330171409935,0.3552853552187213,0.8776187416908264,0.8538587848932676,vit_b_16,balanced_ce,31415
5,0.2970955763581767,0.5179812382594705,0.8255799000090597,0.8111658456486043,vit_b_16,balanced_ce,31415
6,0.2990630668684552,0.3027146504503752,0.8906003856429235,0.8735632183908046,vit_b_16,balanced_ce,31415
7,0.2583296109377185,0.2211762485147893,0.9279919555734722,0.916256157635468,vit_b_16,balanced_ce,31415
8,0.2388813897679267,0.3086886955012242,0.8918990486932291,0.8735632183908046,vit_b_16,balanced_ce,31415
9,0.2106064331342968,0.1984603219040117,0.931990922235344,0.9195402298850576,vit_b_16,balanced_ce,31415
10,0.2045293053602292,0.2240736051929016,0.9233360863329896,0.909688013136289,vit_b_16,balanced_ce,31415
11,0.1751706144145586,0.2321289154304855,0.9266678033835254,0.9178981937602628,vit_b_16,balanced_ce,31415
12,0.2011762492005142,0.1978457986280836,0.929431103731616,0.9211822660098522,vit_b_16,balanced_ce,31415
13,0.1730513756404023,0.1769570250473977,0.9461512939333948,0.9376026272577996,vit_b_16,balanced_ce,31415
14,0.135858500579958,0.2073942673911014,0.9389751715900326,0.9326765188834154,vit_b_16,balanced_ce,31415
15,0.1359907655074852,0.2227978097589928,0.9185204096628804,0.9178981937602628,vit_b_16,balanced_ce,31415
16,0.1244772195279179,0.1538880015731053,0.9507057201883432,0.9441707717569786,vit_b_16,balanced_ce,31415
17,0.1184261591024762,0.1957911064569977,0.9301878801438772,0.916256157635468,vit_b_16,balanced_ce,31415
18,0.0936765030275225,0.1895141050048258,0.9311052558697144,0.9211822660098522,vit_b_16,balanced_ce,31415
19,0.0914496487265154,0.1345297725984371,0.9609560409924488,0.9523809523809524,vit_b_16,balanced_ce,31415
20,0.0835440978355483,0.150025783097509,0.9543642146333364,0.9507389162561576,vit_b_16,balanced_ce,31415
21,0.0833816218525433,0.1060109953281327,0.9667211618083024,0.9605911330049262,vit_b_16,balanced_ce,31415
22,0.0830292784224259,0.0968001131182429,0.9640797084140214,0.9573070607553368,vit_b_16,balanced_ce,31415
23,0.0782377261259251,0.099290677063375,0.967792471363037,0.9655172413793104,vit_b_16,balanced_ce,31415
24,0.0628731587125882,0.1070783576379072,0.9626705079228598,0.955665024630542,vit_b_16,balanced_ce,31415
25,0.0579237272455528,0.1069413825796155,0.9673388918401076,0.9638752052545156,vit_b_16,balanced_ce,31415
26,0.0522024234172091,0.0808436319672415,0.9744461758171084,0.9704433497536946,vit_b_16,balanced_ce,31415
27,0.0523840261128958,0.0891987780118223,0.9690186300338915,0.9638752052545156,vit_b_16,balanced_ce,31415
28,0.0460641491123735,0.0854304009201295,0.971166049462732,0.9655172413793104,vit_b_16,balanced_ce,31415
29,0.0390115951511989,0.0997213757488332,0.9658432158613895,0.9589490968801314,vit_b_16,balanced_ce,31415
30,0.0384711051994839,0.0783763437827036,0.9715275282468958,0.9655172413793104,vit_b_16,balanced_ce,31415
31,0.0314123020774188,0.0731892215305165,0.9758101481718366,0.9704433497536946,vit_b_16,balanced_ce,31415
32,0.0352062527851409,0.0723679706894705,0.974617548027408,0.9688013136289,vit_b_16,balanced_ce,31415
33,0.0393084334186646,0.0693758320008299,0.9787648592301246,0.973727422003284,vit_b_16,balanced_ce,31415
34,0.0415292309859531,0.0700085767420935,0.977447959275085,0.9720853858784894,vit_b_16,balanced_ce,31415
1,1.0213468318245322,0.7619459860039071,0.752532014219777,0.7504105090311987,vit_b_16,balanced_ce,42
2,0.7031255785421663,0.5082435850635146,0.8265152238672344,0.8160919540229885,vit_b_16,balanced_ce,42
3,0.4822333697380206,0.5720749097113147,0.7373462880615416,0.7339901477832512,vit_b_16,balanced_ce,42
4,0.3786068978334772,0.4878607673206548,0.7908365406089806,0.7783251231527094,vit_b_16,balanced_ce,42
5,0.282701596675313,0.4460427138605728,0.8306251892949058,0.8078817733990148,vit_b_16,balanced_ce,42
6,0.3118960461371393,0.2794001016319287,0.9224306481597272,0.9080459770114944,vit_b_16,balanced_ce,42
7,0.2542815538722308,0.2148458506477681,0.9191374870421034,0.9129720853858784,vit_b_16,balanced_ce,42
8,0.2664121947724287,0.2683748896486066,0.921946138250752,0.9080459770114944,vit_b_16,balanced_ce,42
9,0.2023331065798057,0.2502458985215924,0.9306225688586832,0.916256157635468,vit_b_16,balanced_ce,42
10,0.1821948855591574,0.19343190155434,0.9429281774787032,0.9326765188834154,vit_b_16,balanced_ce,42
11,0.2472287274936381,0.2694298380309921,0.917227487572778,0.9113300492610836,vit_b_16,balanced_ce,42
12,0.1454347739215475,0.1433574824008252,0.956744398945664,0.9490968801313628,vit_b_16,balanced_ce,42
13,0.1965366242574577,0.2580471806142522,0.902358434643181,0.9064039408866996,vit_b_16,balanced_ce,42
14,0.1628531854161059,0.1802472805203671,0.9391932994674426,0.929392446633826,vit_b_16,balanced_ce,42
15,0.121304824406867,0.1354808013837276,0.9590742241909944,0.9523809523809524,vit_b_16,balanced_ce,42
16,0.1011499343266438,0.1782220891984225,0.9409944165171026,0.9376026272577996,vit_b_16,balanced_ce,42
17,0.1127004684759254,0.1979729861069978,0.9310390571754208,0.9261083743842364,vit_b_16,balanced_ce,42
18,0.1121470261803829,0.1204332473927922,0.9613240137042204,0.9540229885057472,vit_b_16,balanced_ce,42
19,0.0803114137293112,0.0818345967209202,0.9727793335897564,0.9671592775041052,vit_b_16,balanced_ce,42
20,0.0868373005403785,0.1562389610901059,0.951312139745244,0.9458128078817734,vit_b_16,balanced_ce,42
21,0.082658199073259,0.0955863108457798,0.965374430730968,0.9605911330049262,vit_b_16,balanced_ce,42
22,0.0752229662145601,0.07954757344987,0.9758455659058052,0.9720853858784894,vit_b_16,balanced_ce,42
23,0.0579693205318264,0.0919860550592392,0.9715974015357632,0.9655172413793104,vit_b_16,balanced_ce,42
24,0.0581071990157472,0.0792924414093687,0.9758154900982232,0.9704433497536946,vit_b_16,balanced_ce,42
25,0.0427499761814758,0.0699404136756395,0.975544808178159,0.9720853858784894,vit_b_16,balanced_ce,42
26,0.0492459338590476,0.0915862676153825,0.9674737489708614,0.9622331691297208,vit_b_16,balanced_ce,42
27,0.0486186059188549,0.063481613281007,0.9786853002070394,0.973727422003284,vit_b_16,balanced_ce,42
28,0.0403763779057664,0.0762873115614423,0.975190018637273,0.9704433497536946,vit_b_16,balanced_ce,42
29,0.0314923836356961,0.0623286470085725,0.9811736544948212,0.9770114942528736,vit_b_16,balanced_ce,42
30,0.0447878784910891,0.0524935485620804,0.9824990064397888,0.9786535303776684,vit_b_16,balanced_ce,42
31,0.0365787451533577,0.0530227633569334,0.981268084957448,0.9770114942528736,vit_b_16,balanced_ce,42
32,0.0478385199070867,0.057565961754919,0.9780991189554008,0.973727422003284,vit_b_16,balanced_ce,42
33,0.0308057331488269,0.0544404520642483,0.9852772033270906,0.9819376026272578,vit_b_16,balanced_ce,42
34,0.0303419659788247,0.05432756349738,0.9852772033270906,0.9819376026272578,vit_b_16,balanced_ce,42
1,0.579974323081635,0.5675744677607845,0.4957063213133362,0.5730706075533661,vit_b_16,focal_loss,1337
2,0.5338194806043628,0.4942158939215937,0.577134155660879,0.6288998357963875,vit_b_16,focal_loss,1337
3,0.4548717452268818,0.4255661891990498,0.5976028225056598,0.6305418719211823,vit_b_16,focal_loss,1337
4,0.3884612365745283,0.3655491562312459,0.6380364872608657,0.6584564860426929,vit_b_16,focal_loss,1337
5,0.3393691608482588,0.325357505644875,0.6248435892896913,0.645320197044335,vit_b_16,focal_loss,1337
6,0.2946019561303311,0.2822777674898921,0.6561406142056944,0.6748768472906403,vit_b_16,focal_loss,1337
7,0.2604870806993206,0.2506006713375474,0.6891185974537816,0.6978653530377669,vit_b_16,focal_loss,1337
8,0.2331741252714385,0.2409198661938872,0.6845691672730645,0.6781609195402298,vit_b_16,focal_loss,1337
9,0.2094962957244766,0.2074391702908796,0.7312084966636139,0.7257799671592775,vit_b_16,focal_loss,1337
10,0.1900095110042233,0.241849300505101,0.6817559818222186,0.6666666666666666,vit_b_16,focal_loss,1337
11,0.1756687521777379,0.2027086871010916,0.7267849606013619,0.7044334975369458,vit_b_16,focal_loss,1337
12,0.1626074304637255,0.1842165167500037,0.7948036437199257,0.7717569786535303,vit_b_16,focal_loss,1337
13,0.1539954511006812,0.1551253141832273,0.8474845873684558,0.8308702791461412,vit_b_16,focal_loss,1337
14,0.1436094676987358,0.1828899273927184,0.8143399132258216,0.7881773399014779,vit_b_16,focal_loss,1337
15,0.1311008063162986,0.1515805361110392,0.8317919721978708,0.8111658456486043,vit_b_16,focal_loss,1337
16,0.1290051461680283,0.1499278520911393,0.8324996341166304,0.8095238095238095,vit_b_16,focal_loss,1337
17,0.1179770956035238,0.1336742071878342,0.8495304400635546,0.825944170771757,vit_b_16,focal_loss,1337
18,0.1160845001206875,0.1553059950446456,0.8256583696776102,0.8029556650246306,vit_b_16,focal_loss,1337
19,0.1161974027883818,0.1583199373802723,0.8291478666768142,0.8013136288998358,vit_b_16,focal_loss,1337
20,0.1125934286884348,0.1443998249880786,0.8362355645732282,0.8111658456486043,vit_b_16,focal_loss,1337
21,0.1087709549912668,0.1366067643236057,0.8470985892848679,0.8210180623973727,vit_b_16,focal_loss,1337
22,0.1054252285320436,0.1423532296284079,0.8386266511266511,0.8144499178981938,vit_b_16,focal_loss,1337
23,0.1026692325953125,0.1223710870312156,0.8611781923443758,0.8407224958949097,vit_b_16,focal_loss,1337
24,0.097019838943737,0.1364374220469119,0.8382961260790263,0.8144499178981938,vit_b_16,focal_loss,1337
25,0.1019769636576959,0.1466446121533711,0.8423519334566274,0.819376026272578,vit_b_16,focal_loss,1337
26,0.0966508405607174,0.13253593043545,0.8460458026313731,0.8243021346469622,vit_b_16,focal_loss,1337
27,0.0931458115132496,0.1268043899771028,0.8511192038839522,0.8275862068965517,vit_b_16,focal_loss,1337
28,0.0965615283966273,0.1281861751929096,0.8583545364923334,0.8341543513957307,vit_b_16,focal_loss,1337
29,0.0908339759194159,0.1282340758931265,0.8528601927033246,0.8292282430213465,vit_b_16,focal_loss,1337
30,0.0949406872642585,0.1276807575586002,0.855632675725111,0.8308702791461412,vit_b_16,focal_loss,1337
31,0.091825409940655,0.1261379090435986,0.8557150528335772,0.8325123152709359,vit_b_16,focal_loss,1337
1,0.5799528485651804,0.5682798035822086,0.4774595465133723,0.5632183908045977,vit_b_16,focal_loss,2025
2,0.5345201875078238,0.4982467166504445,0.5772536026155706,0.6206896551724138,vit_b_16,focal_loss,2025
3,0.455823845069312,0.4188423185121445,0.5888245250152265,0.645320197044335,vit_b_16,focal_loss,2025
4,0.3908661435169998,0.3651382496400028,0.6337332042480783,0.6600985221674877,vit_b_16,focal_loss,2025
5,0.3372448289645787,0.3281843444983947,0.6395750235214966,0.6568144499178982,vit_b_16,focal_loss,2025
6,0.292685571129586,0.2908997445662425,0.6400095101334348,0.6600985221674877,vit_b_16,focal_loss,2025
7,0.2594721066930801,0.2615227470257012,0.6607543339620612,0.6699507389162561,vit_b_16,focal_loss,2025
8,0.2316117320726961,0.2311970478991178,0.6919545237455039,0.6962233169129721,vit_b_16,focal_loss,2025
9,0.2070707090971549,0.2277917679894734,0.715608593976643,0.7011494252873564,vit_b_16,focal_loss,2025
10,0.1880308034680849,0.2027158267392313,0.7708099045254936,0.7536945812807881,vit_b_16,focal_loss,2025
11,0.1735622311099342,0.1754403008616029,0.8200362059173113,0.8078817733990148,vit_b_16,focal_loss,2025
12,0.1590363788898045,0.1705015833154687,0.8368819598957971,0.8144499178981938,vit_b_16,focal_loss,2025
13,0.1514686467306056,0.1722861358097621,0.8252823613747304,0.8045977011494253,vit_b_16,focal_loss,2025
14,0.1407065525781919,0.1628179779193671,0.8287945770704392,0.8111658456486043,vit_b_16,focal_loss,2025
15,0.1338039688045823,0.156894559930698,0.8193458387818142,0.8045977011494253,vit_b_16,focal_loss,2025
16,0.1220342231498661,0.1679834622663426,0.8293842687131864,0.80623973727422,vit_b_16,focal_loss,2025
17,0.1200700047172226,0.1307911388392519,0.8599713771927084,0.8390804597701149,vit_b_16,focal_loss,2025
18,0.1179925356237037,0.1477334837999641,0.8529323397449996,0.8292282430213465,vit_b_16,focal_loss,2025
19,0.1112815912164787,0.135776878675608,0.8546580196294031,0.8292282430213465,vit_b_16,focal_loss,2025
20,0.1092648984206372,0.1347281016739718,0.8505025260305248,0.8292282430213465,vit_b_16,focal_loss,2025
21,0.1088944902214727,0.1331219139748997,0.857474958309716,0.8374384236453202,vit_b_16,focal_loss,2025
22,0.1037778085952065,0.1338871760517114,0.8522266748222012,0.8325123152709359,vit_b_16,focal_loss,2025
23,0.1033505374680294,0.1273613035776736,0.86189000854476,0.8374384236453202,vit_b_16,focal_loss,2025
24,0.1015988664855437,0.1264919750208925,0.8645137509581643,0.8390804597701149,vit_b_16,focal_loss,2025
25,0.0978712790067879,0.13111256515647,0.8559272136813917,0.8341543513957307,vit_b_16,focal_loss,2025
26,0.0941254110348874,0.1245858498003291,0.8508843492542648,0.8275862068965517,vit_b_16,focal_loss,2025
27,0.1006442802468796,0.1242691934206607,0.8610972062462622,0.8390804597701149,vit_b_16,focal_loss,2025
28,0.0945847269769607,0.1236135612176165,0.8638939257368804,0.8407224958949097,vit_b_16,focal_loss,2025
29,0.0922463478726745,0.1245741462472624,0.8597468124615324,0.8374384236453202,vit_b_16,focal_loss,2025
30,0.0950620395646991,0.1298933965819222,0.8594565289573263,0.8374384236453202,vit_b_16,focal_loss,2025
31,0.090584926768116,0.1286573237777735,0.8621104295200174,0.8390804597701149,vit_b_16,focal_loss,2025
32,0.0917721965479515,0.1257518891043263,0.8610929101031563,0.8374384236453202,vit_b_16,focal_loss,2025
1,0.5799174753140481,0.5673382424172901,0.4894099978982141,0.5730706075533661,vit_b_16,focal_loss,27182
2,0.5335723289286943,0.495216877883291,0.5780632209401103,0.6272577996715928,vit_b_16,focal_loss,27182
3,0.455720126670777,0.4246061700709739,0.5949445476298619,0.6338259441707718,vit_b_16,focal_loss,27182
4,0.3884699390831228,0.3596098096108397,0.6422362182639577,0.6699507389162561,vit_b_16,focal_loss,27182
5,0.3351119032224578,0.318247041678781,0.6279883398668831,0.6600985221674877,vit_b_16,focal_loss,27182
6,0.2926830176833644,0.3226943229415342,0.6016691657186175,0.6141215106732348,vit_b_16,focal_loss,27182
7,0.2583713746709857,0.2678313300331629,0.638007740336272,0.6535303776683087,vit_b_16,focal_loss,27182
8,0.228430627713304,0.2420092597970821,0.6571083313532367,0.6666666666666666,vit_b_16,focal_loss,27182
9,0.2091950600302282,0.2428679119777209,0.6610009179547415,0.6617405582922824,vit_b_16,focal_loss,27182
10,0.1860952473954283,0.2211339479596744,0.6836412875725075,0.6765188834154351,vit_b_16,focal_loss,27182
11,0.1712069773139769,0.2013983716714167,0.786478425452623,0.7668308702791461,vit_b_16,focal_loss,27182
12,0.1605420230928749,0.1748563483822326,0.8272840747539327,0.8095238095238095,vit_b_16,focal_loss,27182
13,0.1488341556256391,0.1860332373523555,0.8156312668435337,0.7931034482758621,vit_b_16,focal_loss,27182
14,0.1412407491035327,0.1660360745804259,0.817845623953347,0.7947454844006568,vit_b_16,focal_loss,27182
15,0.1334314863087841,0.1752253062227872,0.8273707786094571,0.7996715927750411,vit_b_16,focal_loss,27182
16,0.125515856118529,0.1564770488707694,0.8135060573196888,0.7914614121510674,vit_b_16,focal_loss,27182
17,0.1209093613815223,0.1782631228122805,0.7960409303711422,0.7717569786535303,vit_b_16,focal_loss,27182
18,0.1145829538416988,0.1710943112819652,0.8082192537039633,0.7832512315270936,vit_b_16,focal_loss,27182
19,0.1124721551952337,0.1357460740360329,0.8576520166190322,0.8341543513957307,vit_b_16,focal_loss,27182
20,0.1057434024102658,0.1409104940143516,0.8501990958436374,0.8243021346469622,vit_b_16,focal_loss,27182
21,0.1028248211149591,0.1423942631688611,0.8294513144934875,0.8045977011494253,vit_b_16,focal_loss,27182
22,0.1004161311120371,0.1322051589124895,0.8609504646907497,0.8374384236453202,vit_b_16,focal_loss,27182
23,0.1001744937223688,0.135563299671574,0.8566737820190858,0.8341543513957307,vit_b_16,focal_loss,27182
24,0.0990041900458884,0.1161487469532219,0.8810334621429563,0.8604269293924466,vit_b_16,focal_loss,27182
25,0.0966559946013251,0.1177290508704036,0.8740910729300821,0.8522167487684729,vit_b_16,focal_loss,27182
26,0.0948768150617871,0.1283673410149435,0.8594186748480642,0.8374384236453202,vit_b_16,focal_loss,27182
27,0.0947573131961856,0.1293008701358914,0.8610119427990099,0.8390804597701149,vit_b_16,focal_loss,27182
28,0.0965691802633667,0.1248046787110064,0.8719111586043731,0.8522167487684729,vit_b_16,focal_loss,27182
29,0.092472578079713,0.1370351953655236,0.8515443488224343,0.8292282430213465,vit_b_16,focal_loss,27182
30,0.0861381092630916,0.1275255664424551,0.870247220512102,0.8505747126436781,vit_b_16,focal_loss,27182
31,0.0919442733687549,0.1237631930506288,0.8692140433138983,0.8472906403940886,vit_b_16,focal_loss,27182
32,0.0891893477347697,0.1242721357760562,0.873838379146201,0.8538587848932676,vit_b_16,focal_loss,27182
1,0.5800443272599017,0.5685199327852534,0.4844161022622685,0.5697865353037767,vit_b_16,focal_loss,31415
2,0.534547558096884,0.4968963186141892,0.5704537498279179,0.6239737274220033,vit_b_16,focal_loss,31415
3,0.4561334640259064,0.4226120632074541,0.5856389685128441,0.6354679802955665,vit_b_16,focal_loss,31415
4,0.3901335295977198,0.3743946333041136,0.6050145348837209,0.6371100164203612,vit_b_16,focal_loss,31415
5,0.3386755637313863,0.3273464314064565,0.6108885336609143,0.6436781609195402,vit_b_16,focal_loss,31415
6,0.2965144168094508,0.2945108740592042,0.6175253480045311,0.6420361247947455,vit_b_16,focal_loss,31415
7,0.2663487697527572,0.2984055916859794,0.6115302106978282,0.625615763546798,vit_b_16,focal_loss,31415
8,0.2392188059424683,0.2367802200646236,0.6721157028080091,0.6880131362889984,vit_b_16,focal_loss,31415
9,0.2155446675205063,0.2283382276791853,0.6813297068899583,0.6847290640394089,vit_b_16,focal_loss,31415
10,0.195644094262056,0.2066072360635391,0.7161358220568748,0.7093596059113301,vit_b_16,focal_loss,31415
11,0.1796307452847961,0.1872098154230853,0.7545453511031395,0.7438423645320197,vit_b_16,focal_loss,31415
12,0.1673965785383968,0.19421975679194,0.7704657418888384,0.7471264367816092,vit_b_16,focal_loss,31415
13,0.1573809896207861,0.1836252975933657,0.7825916891719962,0.7569786535303776,vit_b_16,focal_loss,31415
14,0.1452590048365517,0.1765319935010963,0.7874058428374368,0.7651888341543513,vit_b_16,focal_loss,31415
15,0.1351390680340765,0.1582017774848123,0.8374132237473733,0.812807881773399,vit_b_16,focal_loss,31415
16,0.1295754232127972,0.170988712600495,0.8211593134329578,0.7980295566502463,vit_b_16,focal_loss,31415
17,0.1254699150869632,0.1551553836988502,0.8308189904821079,0.80623973727422,vit_b_16,focal_loss,31415
18,0.1190961979918823,0.1386789257694739,0.8361440113294711,0.812807881773399,vit_b_16,focal_loss,31415
19,0.1146466107354851,0.1434323081046294,0.8356235171487515,0.8095238095238095,vit_b_16,focal_loss,31415
20,0.1097196558657346,0.1485975902460283,0.8315408147388451,0.8078817733990148,vit_b_16,focal_loss,31415
21,0.1083712516670067,0.144765634156996,0.8372262792238674,0.812807881773399,vit_b_16,focal_loss,31415
22,0.1069760947188719,0.1618628817043085,0.8300869592537238,0.8045977011494253,vit_b_16,focal_loss,31415
23,0.1050534815813933,0.1435959153183184,0.8387054493025897,0.8160919540229885,vit_b_16,focal_loss,31415
24,0.1003773899850401,0.1442017618854253,0.8512636003311511,0.8308702791461412,vit_b_16,focal_loss,31415
25,0.1030366270398632,0.1377681531929617,0.8549133807072976,0.8325123152709359,vit_b_16,focal_loss,31415
26,0.0973657739825009,0.129451304625212,0.8669629170774212,0.8456486042692939,vit_b_16,focal_loss,31415
27,0.0943007011287346,0.1357292218748571,0.8570833684814252,0.8357963875205254,vit_b_16,focal_loss,31415
28,0.0949221149636907,0.1448629193118053,0.8513640728205032,0.8308702791461412,vit_b_16,focal_loss,31415
29,0.0947823902425112,0.1359157892087801,0.8570833684814252,0.8357963875205254,vit_b_16,focal_loss,31415
30,0.0942384196841444,0.140013916836975,0.8556076505781012,0.8341543513957307,vit_b_16,focal_loss,31415
31,0.0900507960396512,0.1349815106744249,0.8546125970188703,0.8341543513957307,vit_b_16,focal_loss,31415
32,0.0944294934375424,0.1355134365202366,0.8559101922625911,0.8341543513957307,vit_b_16,focal_loss,31415
33,0.0947729537351898,0.1352684727834754,0.8572544717491823,0.8357963875205254,vit_b_16,focal_loss,31415
34,0.0981304190816387,0.1352867121962686,0.8572544717491823,0.8357963875205254,vit_b_16,focal_loss,31415
1,0.5799074801703119,0.5677922353368675,0.4394814942185264,0.5533661740558292,vit_b_16,focal_loss,42
2,0.5346214500273887,0.4960424187539637,0.5357267909265429,0.6091954022988506,vit_b_16,focal_loss,42
3,0.455907098563987,0.4335121588753949,0.5640175430974712,0.6075533661740559,vit_b_16,focal_loss,42
4,0.387910131808953,0.3647458989827699,0.6063445896602956,0.6420361247947455,vit_b_16,focal_loss,42
5,0.3364767107058493,0.3220276370620101,0.6195949078064722,0.6469622331691297,vit_b_16,focal_loss,42
6,0.2964813116564692,0.2819762797582717,0.6507754119515483,0.6732348111658456,vit_b_16,focal_loss,42
7,0.2621768549896501,0.2413789491935316,0.7009840011115734,0.7110016420361248,vit_b_16,focal_loss,42
8,0.230962798109373,0.2548111003803698,0.675891709524395,0.6683087027914614,vit_b_16,focal_loss,42
9,0.2052341102715745,0.2013104012838529,0.7414615917547209,0.7389162561576355,vit_b_16,focal_loss,42
10,0.1906118322759604,0.197726197137034,0.7750290092087624,0.7799671592775042,vit_b_16,focal_loss,42
11,0.1753596390278352,0.1815432490190653,0.8195686440851901,0.8013136288998358,vit_b_16,focal_loss,42
12,0.1607731498817149,0.1751315305972921,0.8083158305375789,0.7931034482758621,vit_b_16,focal_loss,42
13,0.1532066864398535,0.1750755486229957,0.7849300908097957,0.7619047619047619,vit_b_16,focal_loss,42
14,0.1412474429198853,0.1728584774217778,0.8089036603288271,0.7881773399014779,vit_b_16,focal_loss,42
15,0.1303816197731373,0.1769145918988633,0.8241584238176098,0.8029556650246306,vit_b_16,focal_loss,42
16,0.1281872019695481,0.152931414605753,0.8213040345596314,0.7947454844006568,vit_b_16,focal_loss,42
17,0.1192930625565022,0.1485334810952247,0.8300254771819363,0.8078817733990148,vit_b_16,focal_loss,42
18,0.1173026550397512,0.1367760556084769,0.852496296027532,0.8275862068965517,vit_b_16,focal_loss,42
19,0.1115553612894458,0.1383744920611577,0.8562292338343512,0.8341543513957307,vit_b_16,focal_loss,42
20,0.1167824638408391,0.1219332551917027,0.8603242918619961,0.8374384236453202,vit_b_16,focal_loss,42
21,0.1031024054452279,0.1204271242144855,0.8587488261601561,0.8390804597701149,vit_b_16,focal_loss,42
22,0.1050579684401857,0.1210353215926973,0.860025337643096,0.8407224958949097,vit_b_16,focal_loss,42
23,0.1024437928974942,0.1271589755620471,0.8593001698328575,0.8357963875205254,vit_b_16,focal_loss,42
24,0.1006636634285714,0.1297293972890756,0.8590245642058535,0.8390804597701149,vit_b_16,focal_loss,42
25,0.0961245574188044,0.1295452506475652,0.8512322450122503,0.8292282430213465,vit_b_16,focal_loss,42
26,0.0967935781015872,0.124983461130233,0.856793326565608,0.8357963875205254,vit_b_16,focal_loss,42
27,0.0925097002636359,0.1341348905085734,0.8520591304635065,0.8308702791461412,vit_b_16,focal_loss,42
28,0.09750225227097,0.1265103700517237,0.8614771970417204,0.8390804597701149,vit_b_16,focal_loss,42
29,0.0917686387857255,0.1242467782571789,0.8588954804003172,0.8357963875205254,vit_b_16,focal_loss,42
30,0.0948051897393169,0.126469650977155,0.8565479646374253,0.8341543513957307,vit_b_16,focal_loss,42
31,0.0896320591584136,0.1250703012806245,0.8580419294671835,0.8357963875205254,vit_b_16,focal_loss,42
32,0.0936333893210691,0.1248433111336431,0.8565798064494019,0.8341543513957307,vit_b_16,focal_loss,42
33,0.0914279309564608,0.1245022962246035,0.8565798064494019,0.8341543513957307,vit_b_16,focal_loss,42
34,0.0894220845685118,0.1244644706668133,0.8565798064494019,0.8341543513957307,vit_b_16,focal_loss,42
1,1.055520710584778,0.6854768018612917,0.6701346585638508,0.6896551724137931,vit_b_16,standard_ce,1337
2,0.651489520072937,0.6354654336406288,0.7324180396262776,0.7208538587848933,vit_b_16,standard_ce,1337
3,0.476639776657252,0.5489243032114063,0.8036530784622387,0.7651888341543513,vit_b_16,standard_ce,1337
4,0.420298769080157,0.2485731741771322,0.9167544723937906,0.9047619047619048,vit_b_16,standard_ce,1337
5,0.3690006263121989,0.2540583091807874,0.9261440772119603,0.9129720853858784,vit_b_16,standard_ce,1337
6,0.3297675573632042,0.2691662387894879,0.909928463699225,0.9080459770114944,vit_b_16,standard_ce,1337
7,0.2879003927766334,0.2402960130538063,0.9292359532525626,0.9178981937602628,vit_b_16,standard_ce,1337
8,0.2292236336819526,0.2631863862618632,0.9195810451866496,0.9080459770114944,vit_b_16,standard_ce,1337
9,0.2371677543607872,0.206257335168779,0.9311776257242472,0.9195402298850576,vit_b_16,standard_ce,1337
10,0.1955647544670188,0.2329520638940369,0.9248713132653495,0.916256157635468,vit_b_16,standard_ce,1337
11,0.2269718417383874,0.3176172775000774,0.9017059038118588,0.8866995073891626,vit_b_16,standard_ce,1337
12,0.1964689569754005,0.1635282980324012,0.9513044464496077,0.942528735632184,vit_b_16,standard_ce,1337
13,0.159386618385625,0.1569738198187942,0.9536055779879866,0.9523809523809524,vit_b_16,standard_ce,1337
14,0.1676541916122545,0.2670499550297929,0.902416576104551,0.896551724137931,vit_b_16,standard_ce,1337
15,0.1320133339319057,0.2092361718122595,0.9395232096527708,0.9277504105090312,vit_b_16,standard_ce,1337
16,0.1509944712995226,0.1644130274286411,0.9470442926164476,0.9359605911330048,vit_b_16,standard_ce,1337
17,0.1051143475531588,0.1133607782191047,0.9690975274799212,0.9655172413793104,vit_b_16,standard_ce,1337
18,0.1138053884340191,0.1623540029590353,0.956939687974364,0.9490968801313628,vit_b_16,standard_ce,1337
19,0.1006462247567562,0.1489025903575134,0.952425446275774,0.942528735632184,vit_b_16,standard_ce,1337
20,0.0970808277309255,0.1463571118897405,0.9587713876052196,0.9507389162561576,vit_b_16,standard_ce,1337
21,0.0840077693006171,0.1040265461298436,0.9728460872783136,0.9688013136289,vit_b_16,standard_ce,1337
22,0.0769453674921461,0.1353912645054764,0.9580476197683894,0.955665024630542,vit_b_16,standard_ce,1337
23,0.0684923136747574,0.1101495329724939,0.9703079474867058,0.9638752052545156,vit_b_16,standard_ce,1337
24,0.0654831996704787,0.1227090205685258,0.96738189976442,0.9638752052545156,vit_b_16,standard_ce,1337
25,0.0518237200230098,0.160646915533664,0.9636844119158882,0.955665024630542,vit_b_16,standard_ce,1337
26,0.0567502613488735,0.1110436226591492,0.9727592810780452,0.9671592775041052,vit_b_16,standard_ce,1337
27,0.0442614215499801,0.1018170949701703,0.9754655359368992,0.9704433497536946,vit_b_16,standard_ce,1337
28,0.04050466829685,0.1110918096103055,0.971503134201038,0.9655172413793104,vit_b_16,standard_ce,1337
29,0.0465219936934291,0.1046770549698905,0.9714605056837092,0.9655172413793104,vit_b_16,standard_ce,1337
30,0.03812501937714,0.0913272970195474,0.9755776988287328,0.9704433497536946,vit_b_16,standard_ce,1337
31,0.0313399723413447,0.0952225143979922,0.9727846345508198,0.9671592775041052,vit_b_16,standard_ce,1337
32,0.0317350841842604,0.0950272922298591,0.9714605056837092,0.9655172413793104,vit_b_16,standard_ce,1337
33,0.0289015582004833,0.0944957081564933,0.9714605056837092,0.9655172413793104,vit_b_16,standard_ce,1337
34,0.027140983746254,0.0942582883864445,0.9714605056837092,0.9655172413793104,vit_b_16,standard_ce,1337
1,1.056569513139071,0.8174251384531531,0.7485366275696881,0.7487684729064039,vit_b_16,standard_ce,2025
2,0.7623844141071836,0.5337248361365157,0.8358050267369701,0.8160919540229885,vit_b_16,standard_ce,2025
3,0.5410213922783863,0.502722895399886,0.7946298065556648,0.7750410509031199,vit_b_16,standard_ce,2025
4,0.4639576399682485,0.3466449660816412,0.8887266087532765,0.8719211822660099,vit_b_16,standard_ce,2025
5,0.3674841614201115,0.2862240907985393,0.914749860777118,0.8998357963875205,vit_b_16,standard_ce,2025
6,0.3515525611926047,0.3104451960335028,0.9069933156215064,0.8949096880131363,vit_b_16,standard_ce,2025
7,0.282260115462992,0.2420535254948244,0.9215221803473916,0.9080459770114944,vit_b_16,standard_ce,2025
8,0.2857140398193118,0.2475388893744432,0.9252020815105144,0.9195402298850576,vit_b_16,standard_ce,2025
9,0.236326525882803,0.2934444498741764,0.8923057300261134,0.8817733990147784,vit_b_16,standard_ce,2025
10,0.2451376655215957,0.241628973061228,0.9250804296823344,0.916256157635468,vit_b_16,standard_ce,2025
11,0.2404359661383138,0.2369646555782343,0.9246725748736648,0.909688013136289,vit_b_16,standard_ce,2025
12,0.2026566380906607,0.1611802521206083,0.9530081992491328,0.942528735632184,vit_b_16,standard_ce,2025
13,0.2030494820411678,0.181811340923967,0.945426135115497,0.9359605911330048,vit_b_16,standard_ce,2025
14,0.164270994648573,0.1370402864365546,0.9483435542382348,0.9392446633825944,vit_b_16,standard_ce,2025
15,0.163281921819769,0.1800149437437699,0.9425032219460554,0.9310344827586208,vit_b_16,standard_ce,2025
16,0.1378268335584178,0.1924968706856807,0.9449965008553554,0.9359605911330048,vit_b_16,standard_ce,2025
17,0.1503147450529418,0.1557770107149441,0.9524367582888136,0.9441707717569786,vit_b_16,standard_ce,2025
18,0.1330835716573027,0.1360552216618519,0.9501953802230704,0.947454844006568,vit_b_16,standard_ce,2025
19,0.1326419575156248,0.1274843061410123,0.9570365498692918,0.9523809523809524,vit_b_16,standard_ce,2025
20,0.1166086424436741,0.1365900429941359,0.9538411525857304,0.9458128078817734,vit_b_16,standard_ce,2025
21,0.0809180055710573,0.1115800861104075,0.9595680401810556,0.9540229885057472,vit_b_16,standard_ce,2025
22,0.0925608722188613,0.0824126502367467,0.9732828252396702,0.9671592775041052,vit_b_16,standard_ce,2025
23,0.0717519914263266,0.1024736253719024,0.9640057103889872,0.9589490968801314,vit_b_16,standard_ce,2025
24,0.085696601137676,0.1471794224627108,0.9492452235660748,0.942528735632184,vit_b_16,standard_ce,2025
25,0.0665299624094972,0.0758295845001789,0.9761686347026318,0.9704433497536946,vit_b_16,standard_ce,2025
26,0.0494070979832836,0.0858456475173898,0.9815214387366178,0.9770114942528736,vit_b_16,standard_ce,2025
27,0.0543091911678521,0.0763277859963807,0.974656460201881,0.9704433497536946,vit_b_16,standard_ce,2025
28,0.0477598585306236,0.0899591510824871,0.9754698579759026,0.9704433497536946,vit_b_16,standard_ce,2025
29,0.0438494378003588,0.0969046793254138,0.97218970998232,0.9655172413793104,vit_b_16,standard_ce,2025
30,0.0347148062409227,0.0810772546418684,0.9758818355767372,0.9704433497536946,vit_b_16,standard_ce,2025
31,0.0305250934307154,0.080731618005556,0.9750156666719264,0.9688013136289,vit_b_16,standard_ce,2025
32,0.035865996468989,0.070486141347337,0.982930040264824,0.9786535303776684,vit_b_16,standard_ce,2025
33,0.0342424043966539,0.0702580117692403,0.982930040264824,0.9786535303776684,vit_b_16,standard_ce,2025
34,0.0373484708317038,0.06990574664866,0.982930040264824,0.9786535303776684,vit_b_16,standard_ce,2025
1,1.0317322014086276,0.6750391872449854,0.7581185977337054,0.7520525451559934,vit_b_16,standard_ce,27182
2,0.5976959993948208,0.7496725729925097,0.7175996580172819,0.7027914614121511,vit_b_16,standard_ce,27182
3,0.4604799841011764,0.3860629732385645,0.8631587245287207,0.8472906403940886,vit_b_16,standard_ce,27182
4,0.3399074291722008,0.3155065477383743,0.8815244946121605,0.8637110016420362,vit_b_16,standard_ce,27182
5,0.335984521308138,0.2689566620073491,0.919875999043463,0.9146141215106732,vit_b_16,standard_ce,27182
6,0.2845510823655421,0.2918347879351164,0.8943470995237791,0.8752052545155994,vit_b_16,standard_ce,27182
7,0.2494392765008292,0.2379710267134292,0.9251011724264648,0.9113300492610836,vit_b_16,standard_ce,27182
8,0.2152075629661707,0.3402543953682597,0.8749685055087645,0.8702791461412152,vit_b_16,standard_ce,27182
9,0.2304729444018985,0.2654705333885888,0.9113213977074542,0.896551724137931,vit_b_16,standard_ce,27182
10,0.1830564788858584,0.3108985916342837,0.8994355956383705,0.8850574712643678,vit_b_16,standard_ce,27182
11,0.2117764224565092,0.2019706199126094,0.9294419428655792,0.9146141215106732,vit_b_16,standard_ce,27182
12,0.1759992413340637,0.1601411332490996,0.9515529351983272,0.9441707717569786,vit_b_16,standard_ce,27182
13,0.1550504609759118,0.2602790955252248,0.9189370391831038,0.9080459770114944,vit_b_16,standard_ce,27182
14,0.1670410510682892,0.1273679832617441,0.9637375422029276,0.9589490968801314,vit_b_16,standard_ce,27182
15,0.1338198662406531,0.1128070957359226,0.959411499353266,0.9523809523809524,vit_b_16,standard_ce,27182
16,0.1401529462821454,0.1790130966647309,0.9379818044322832,0.9244663382594416,vit_b_16,standard_ce,27182
17,0.1336817113083569,0.1647192508178,0.9398548051471176,0.9277504105090312,vit_b_16,standard_ce,27182
18,0.1043793326661134,0.0829396524354937,0.9731598985626112,0.9671592775041052,vit_b_16,standard_ce,27182
19,0.0909593187508243,0.2039049611792384,0.9329007124043572,0.929392446633826,vit_b_16,standard_ce,27182
20,0.0902834973928169,0.126469397388264,0.9559378764184256,0.9458128078817734,vit_b_16,standard_ce,27182
21,0.0856251495662808,0.0967661351552737,0.975864062310777,0.9720853858784894,vit_b_16,standard_ce,27182
22,0.0696216857332494,0.1129509251448517,0.9618993568386928,0.9540229885057472,vit_b_16,standard_ce,27182
23,0.0754966630368789,0.1481076818760882,0.94236721005582,0.9359605911330048,vit_b_16,standard_ce,27182
24,0.0598033412778668,0.1253635782460959,0.9595619500866778,0.9507389162561576,vit_b_16,standard_ce,27182
25,0.0628191333571825,0.0955386271911301,0.9750274817186828,0.9688013136289,vit_b_16,standard_ce,27182
26,0.0454613118489749,0.0939468689238398,0.967482364593177,0.9605911330049262,vit_b_16,standard_ce,27182
27,0.052123148668302,0.0982420863201367,0.9700237415442002,0.9638752052545156,vit_b_16,standard_ce,27182
28,0.0433048811497294,0.0794929913772738,0.9768840323202984,0.9720853858784894,vit_b_16,standard_ce,27182
29,0.0409887574347937,0.096381552908906,0.9710234067338164,0.9655172413793104,vit_b_16,standard_ce,27182
30,0.0353554208021486,0.0762965492873601,0.9755366420563304,0.9704433497536946,vit_b_16,standard_ce,27182
31,0.0325296332879623,0.0739666461449098,0.9769966877791796,0.9720853858784894,vit_b_16,standard_ce,27182
32,0.0317231034961494,0.0785881067168928,0.9770672399556104,0.9720853858784894,vit_b_16,standard_ce,27182
33,0.0269373334237163,0.0752712831922695,0.9770672399556104,0.9720853858784894,vit_b_16,standard_ce,27182
34,0.0322013551744425,0.0754570194163737,0.9770672399556104,0.9720853858784894,vit_b_16,standard_ce,27182
1,1.0604655166292445,0.7647400665752994,0.736505226057365,0.7438423645320197,vit_b_16,standard_ce,31415
2,0.7556523256645471,0.7875967683463261,0.7441008500688951,0.7389162561576355,vit_b_16,standard_ce,31415
3,0.5928370884516536,0.5498781748397401,0.7610691209298382,0.7372742200328407,vit_b_16,standard_ce,31415
4,0.451480642930066,0.3453929956714899,0.890700419539281,0.8702791461412152,vit_b_16,standard_ce,31415
5,0.3494591983948525,0.2352232240103735,0.9198948766912296,0.9113300492610836,vit_b_16,standard_ce,31415
6,0.3601469389164594,0.236843125279901,0.933275181565512,0.9261083743842364,vit_b_16,standard_ce,31415
7,0.2665959199095024,0.3438193402658346,0.8831303722709102,0.8752052545155994,vit_b_16,standard_ce,31415
8,0.2766864204658146,0.3118566592730129,0.8813410877059171,0.8604269293924466,vit_b_16,standard_ce,31415
9,0.2308915191983087,0.2891876167558097,0.900755078333614,0.896551724137931,vit_b_16,standard_ce,31415
10,0.2107947909140628,0.1982611054172265,0.9353856836829444,0.9310344827586208,vit_b_16,standard_ce,31415
11,0.1879165557938217,0.2993917404039348,0.9162832593501368,0.9047619047619048,vit_b_16,standard_ce,31415
12,0.2059601422405829,0.1971668018936523,0.9301555390956204,0.9211822660098522,vit_b_16,standard_ce,31415
13,0.1921487538671032,0.1617669644222666,0.9417370686461838,0.9408866995073892,vit_b_16,standard_ce,31415
14,0.1549700685146613,0.2725314801353931,0.9026799226500756,0.8834154351395731,vit_b_16,standard_ce,31415
15,0.1401990141438055,0.1492663884202052,0.9656812340311844,0.9589490968801314,vit_b_16,standard_ce,31415
16,0.1140564864962926,0.1353205937543526,0.9583411692535242,0.9540229885057472,vit_b_16,standard_ce,31415
17,0.1201858377689741,0.1646723506975252,0.950963554816278,0.9441707717569786,vit_b_16,standard_ce,31415
18,0.1049956500870691,0.1139132800391203,0.9685016757754968,0.9638752052545156,vit_b_16,standard_ce,31415
19,0.1054356820292129,0.1644895030262043,0.9574180526740104,0.9490968801313628,vit_b_16,standard_ce,31415
20,0.0905132799987109,0.1572432111710163,0.9489532078738292,0.9392446633825944,vit_b_16,standard_ce,31415
21,0.0850586795004212,0.1111557607360074,0.9664361631100012,0.9605911330049262,vit_b_16,standard_ce,31415
22,0.089867200533514,0.1422232962618712,0.9489297820028526,0.9376026272577996,vit_b_16,standard_ce,31415
23,0.0739328519649057,0.0920679203122976,0.9759588812396938,0.9704433497536946,vit_b_16,standard_ce,31415
24,0.0663590706151587,0.1086965400499271,0.9734414585189676,0.9671592775041052,vit_b_16,standard_ce,31415
25,0.0599066439498811,0.1094967392112674,0.9693004933843604,0.9622331691297208,vit_b_16,standard_ce,31415
26,0.0508058475472871,0.1142530174090944,0.9652248916248825,0.9573070607553368,vit_b_16,standard_ce,31415
27,0.0430111114171403,0.1032816283955362,0.9704972071767096,0.9638752052545156,vit_b_16,standard_ce,31415
28,0.0345012340115249,0.1241083068892433,0.9638931386675708,0.955665024630542,vit_b_16,standard_ce,31415
29,0.0490168490589503,0.0940099356524731,0.9732146715643908,0.9671592775041052,vit_b_16,standard_ce,31415
30,0.0410556009698901,0.0973703136563619,0.9719920007303184,0.9655172413793104,vit_b_16,standard_ce,31415
31,0.0443988824060255,0.0953205966089404,0.9773306793780931,0.9720853858784894,vit_b_16,standard_ce,31415
32,0.0334641265841642,0.0932753234337067,0.9773306793780931,0.9720853858784894,vit_b_16,standard_ce,31415
33,0.0315083709628908,0.0943287761365055,0.9773306793780931,0.9720853858784894,vit_b_16,standard_ce,31415
34,0.0331442655454064,0.0943471453074604,0.9773306793780931,0.9720853858784894,vit_b_16,standard_ce,31415
1,1.05485076908487,0.6381473235896068,0.7758460075751419,0.7586206896551724,vit_b_16,standard_ce,42
2,0.675059554017491,0.5258713872561901,0.8114185894500893,0.7931034482758621,vit_b_16,standard_ce,42
3,0.5196316099334476,0.7486855001089412,0.7199277938983407,0.7192118226600985,vit_b_16,standard_ce,42
4,0.4497010299317238,0.4221705399906302,0.8701130564090873,0.8522167487684729,vit_b_16,standard_ce,42
5,0.350459905793671,0.3646854738504526,0.8833604933537832,0.8735632183908046,vit_b_16,standard_ce,42
6,0.3294103923916607,0.3373776542142107,0.876894380250753,0.8587848932676518,vit_b_16,standard_ce,42
7,0.2688993633107686,0.431324661218474,0.8415729100128629,0.8357963875205254,vit_b_16,standard_ce,42
8,0.2494486571065361,0.2520425113771349,0.908637443727264,0.8949096880131363,vit_b_16,standard_ce,42
9,0.2399152278638263,0.2352260876758932,0.9204894271525612,0.916256157635468,vit_b_16,standard_ce,42
10,0.2359868658605066,0.1921097571626672,0.9370274129412984,0.9244663382594416,vit_b_16,standard_ce,42
11,0.1927888458611047,0.1949906238585661,0.9323505480235112,0.9178981937602628,vit_b_16,standard_ce,42
12,0.1712760257438113,0.1419656610327401,0.9539299012888276,0.9441707717569786,vit_b_16,standard_ce,42
13,0.1763321514865007,0.1719211862592274,0.949574304743505,0.9408866995073892,vit_b_16,standard_ce,42
14,0.1659779665130722,0.1638097941924394,0.950740598488035,0.9408866995073892,vit_b_16,standard_ce,42
15,0.1569921922652289,0.1738160601977644,0.9451620366422416,0.9408866995073892,vit_b_16,standard_ce,42
16,0.1757016483792521,0.2610440342786472,0.9058106515847768,0.8932676518883416,vit_b_16,standard_ce,42
17,0.1218852056324586,0.1436375887033779,0.9506826460570502,0.9458128078817734,vit_b_16,standard_ce,42
18,0.1199934953221354,0.1596595415301095,0.945362858523937,0.9392446633825944,vit_b_16,standard_ce,42
19,0.1040396871847249,0.2339967417305913,0.923389354570464,0.9211822660098522,vit_b_16,standard_ce,42
20,0.0948246208823209,0.130179785314354,0.9569618131320164,0.9490968801313628,vit_b_16,standard_ce,42
21,0.0935260081483683,0.1716140386555191,0.9491142771956724,0.9392446633825944,vit_b_16,standard_ce,42
22,0.0928611837458422,0.0863057690594583,0.974759735616477,0.9688013136289,vit_b_16,standard_ce,42
23,0.0756680207860595,0.0965663346787685,0.9701148335131388,0.9638752052545156,vit_b_16,standard_ce,42
24,0.0591948216430751,0.1012418554883223,0.9732151906074128,0.9671592775041052,vit_b_16,standard_ce,42
25,0.0737971449765149,0.1380054799469772,0.9520874235668806,0.9441707717569786,vit_b_16,standard_ce,42
26,0.0575129506196204,0.0872937314371365,0.9662706020506128,0.9589490968801314,vit_b_16,standard_ce,42
27,0.0433332749508216,0.096355509863209,0.9644456144045044,0.9573070607553368,vit_b_16,standard_ce,42
28,0.0496010307621976,0.1052421071308195,0.9656317241255584,0.9589490968801314,vit_b_16,standard_ce,42
29,0.0480376782337684,0.0891094845039112,0.9632007787799372,0.9589490968801314,vit_b_16,standard_ce,42
30,0.0432222769901758,0.0943410861594923,0.9657175165038796,0.9589490968801314,vit_b_16,standard_ce,42
1,1.3212682871072698,1.0644122442392685,0.5822315953267232,0.6157635467980296,yolov8n_cls,balanced_ce,1337
2,0.622461748563133,0.4204549738534761,0.8543038416581745,0.8357963875205254,yolov8n_cls,balanced_ce,1337
3,0.4231350728204254,0.3329304991097286,0.88647178866834,0.8916256157635468,yolov8n_cls,balanced_ce,1337
4,0.2887493472971899,0.3408608394300287,0.8863888304604105,0.8752052545155994,yolov8n_cls,balanced_ce,1337
5,0.2471568582661332,0.1756178409790953,0.9459143312541518,0.9490968801313628,yolov8n_cls,balanced_ce,1337
6,0.219771712442274,0.0938133704850728,0.9699458663589368,0.9704433497536946,yolov8n_cls,balanced_ce,1337
7,0.1629789782953178,0.1766321725244152,0.936528569190606,0.9326765188834154,yolov8n_cls,balanced_ce,1337
8,0.1310551943463684,0.2531843701949456,0.910876149291571,0.9146141215106732,yolov8n_cls,balanced_ce,1337
9,0.1547320165103448,0.1777607238008862,0.9344553331567595,0.9359605911330048,yolov8n_cls,balanced_ce,1337
10,0.1259570713896428,0.1077873091135412,0.9623626788387298,0.9573070607553368,yolov8n_cls,balanced_ce,1337
11,0.1018727100743979,0.6600605772948887,0.8544868682639806,0.8423645320197044,yolov8n_cls,balanced_ce,1337
12,0.1082816661451738,0.0405540264002085,0.9917805383022774,0.9901477832512317,yolov8n_cls,balanced_ce,1337
13,0.0858164147275822,0.0553870286199161,0.9825645725643892,0.9852216748768472,yolov8n_cls,balanced_ce,1337
14,0.0874087644272822,0.0673807864796143,0.9835212326509026,0.9835796387520526,yolov8n_cls,balanced_ce,1337
15,0.0742783100656863,0.0744302181698296,0.9834436043807864,0.9802955665024632,yolov8n_cls,balanced_ce,1337
16,0.0679331601847794,0.0480961311543176,0.984930566584362,0.9835796387520526,yolov8n_cls,balanced_ce,1337
17,0.0589404514167451,0.0312060234251574,0.9880950544654304,0.9901477832512317,yolov8n_cls,balanced_ce,1337
18,0.0430596359106851,0.0308384985184336,0.9932633919198806,0.9917898193760264,yolov8n_cls,balanced_ce,1337
19,0.0506090863861523,0.0454694345376105,0.9870784581267824,0.986863711001642,yolov8n_cls,balanced_ce,1337
20,0.0428206524158204,0.0431398398125137,0.9897840812188936,0.9885057471264368,yolov8n_cls,balanced_ce,1337
21,0.0366995513637227,0.0272904111811056,0.9930851520986878,0.9917898193760264,yolov8n_cls,balanced_ce,1337
22,0.0396432410372398,0.0155512532983923,0.9972060312628028,0.9967159277504104,yolov8n_cls,balanced_ce,1337
23,0.0353747509629424,0.0316203415358656,0.990539974959866,0.9901477832512317,yolov8n_cls,balanced_ce,1337
24,0.0359983179096283,0.0275594063790603,0.9930851520986878,0.9917898193760264,yolov8n_cls,balanced_ce,1337
25,0.0277840617995034,0.0198541629445098,0.9955555555555556,0.9950738916256158,yolov8n_cls,balanced_ce,1337
26,0.0312211669755605,0.0456328673137402,0.9871151140042064,0.9852216748768472,yolov8n_cls,balanced_ce,1337
27,0.0233698787763452,0.0227232288643954,0.9915044589047184,0.9917898193760264,yolov8n_cls,balanced_ce,1337
28,0.0301542875548474,0.0263840866316039,0.9927513330626128,0.9917898193760264,yolov8n_cls,balanced_ce,1337
29,0.0240728771471154,0.0234778187533401,0.99159198673107,0.9901477832512317,yolov8n_cls,balanced_ce,1337
30,0.0223470715327951,0.0250977343714861,0.9942356444514716,0.993431855500821,yolov8n_cls,balanced_ce,1337
1,1.2661491523937098,1.1428412153998817,0.406443544924861,0.3957307060755337,yolov8n_cls,balanced_ce,2025
2,0.651252221327884,0.3843934047594055,0.8713460241612394,0.8686371100164204,yolov8n_cls,balanced_ce,2025
3,0.3746483454961978,0.2247815739442953,0.9410622736594092,0.9392446633825944,yolov8n_cls,balanced_ce,2025
4,0.3199615046552174,0.1884396368353237,0.93414711605795,0.9408866995073892,yolov8n_cls,balanced_ce,2025
5,0.2510960382375021,0.3076003488452955,0.8702401517349299,0.8768472906403941,yolov8n_cls,balanced_ce,2025
6,0.2203662411818814,0.1215154128439712,0.9706074622139278,0.9655172413793104,yolov8n_cls,balanced_ce,2025
7,0.2013384831339278,0.3809922904583621,0.8773311198481815,0.8587848932676518,yolov8n_cls,balanced_ce,2025
8,0.1603737503080669,0.0703360610358625,0.978757311948103,0.9786535303776684,yolov8n_cls,balanced_ce,2025
9,0.1417822918188488,0.0794216354051834,0.9754217483158693,0.9753694581280788,yolov8n_cls,balanced_ce,2025
10,0.115559727349605,0.0548146062382238,0.9845419064327052,0.986863711001642,yolov8n_cls,balanced_ce,2025
11,0.1066870384023038,0.0904859995778362,0.973290763508732,0.9720853858784894,yolov8n_cls,balanced_ce,2025
12,0.073705118931568,0.0372536953948499,0.991444877974786,0.9901477832512317,yolov8n_cls,balanced_ce,2025
13,0.082456238722995,0.0674843929275221,0.978785556894514,0.9753694581280788,yolov8n_cls,balanced_ce,2025
14,0.0808809975577888,0.048175587638454,0.9879357893819778,0.9852216748768472,yolov8n_cls,balanced_ce,2025
15,0.0799081747706567,0.0328243572405602,0.9946010367983656,0.993431855500821,yolov8n_cls,balanced_ce,2025
16,0.074375868065574,0.1339801225198772,0.9553303303303304,0.9458128078817734,yolov8n_cls,balanced_ce,2025
17,0.0482576909149311,0.0251203460805423,0.9985177908945,0.9983579638752051,yolov8n_cls,balanced_ce,2025
18,0.0615111482570271,0.0358771196377657,0.989983885576227,0.9885057471264368,yolov8n_cls,balanced_ce,2025
19,0.0450263214034072,0.0198342136615101,0.9945939185192256,0.993431855500821,yolov8n_cls,balanced_ce,2025
20,0.0422564692065276,0.0316528873579279,0.9912675048193018,0.9901477832512317,yolov8n_cls,balanced_ce,2025
21,0.0446263403106343,0.0207717685879182,0.9955555555555556,0.9950738916256158,yolov8n_cls,balanced_ce,2025
22,0.0386700357837514,0.011739498856118,1.0,1.0,yolov8n_cls,balanced_ce,2025
23,0.0332210621526481,0.0178808050103216,0.9970363355780022,0.9967159277504104,yolov8n_cls,balanced_ce,2025
24,0.0336095072622026,0.0306958816639699,0.9927513330626128,0.9917898193760264,yolov8n_cls,balanced_ce,2025
25,0.0385819290867746,0.0170591087439915,0.9955555555555556,0.9950738916256158,yolov8n_cls,balanced_ce,2025
26,0.0351635752753182,0.0279218569011404,0.9912675048193018,0.9901477832512317,yolov8n_cls,balanced_ce,2025
27,0.0266111681679744,0.0216601966717395,0.9925957081394636,0.9917898193760264,yolov8n_cls,balanced_ce,2025
28,0.0314404336951455,0.0233095622096174,0.9897840812188936,0.9885057471264368,yolov8n_cls,balanced_ce,2025
29,0.0254434614070741,0.0188678585372143,0.9942356444514716,0.993431855500821,yolov8n_cls,balanced_ce,2025
30,0.0276842361312811,0.0353172338901818,0.985591087612694,0.9852216748768472,yolov8n_cls,balanced_ce,2025
1,1.2501645045875456,0.8198654915898892,0.678453514365521,0.6978653530377669,yolov8n_cls,balanced_ce,27182
2,0.5395271805813945,0.4105010721679587,0.8409302939623307,0.8390804597701149,yolov8n_cls,balanced_ce,27182
3,0.3692690394569993,0.2212248126470005,0.923565819597314,0.9211822660098522,yolov8n_cls,balanced_ce,27182
4,0.3109285696371996,0.2238431931496253,0.9151891143689416,0.9195402298850576,yolov8n_cls,balanced_ce,27182
5,0.2461785191967952,0.1986604187582513,0.9261333040728096,0.9310344827586208,yolov8n_cls,balanced_ce,27182
6,0.195686257553331,0.1703824949969211,0.9193685554926928,0.9326765188834154,yolov8n_cls,balanced_ce,27182
7,0.1860022655768428,0.1702691537308184,0.9345035569821498,0.9458128078817734,yolov8n_cls,balanced_ce,27182
8,0.1535511337600399,0.0854817038931087,0.9802697547995112,0.9770114942528736,yolov8n_cls,balanced_ce,27182
9,0.1354503169845665,0.1405494616585607,0.9544395091540732,0.9490968801313628,yolov8n_cls,balanced_ce,27182
10,0.1116338652183804,0.0700550176362294,0.9815841315548844,0.9786535303776684,yolov8n_cls,balanced_ce,27182
11,0.1197445664836358,0.0538783526852457,0.981427962721968,0.9802955665024632,yolov8n_cls,balanced_ce,27182
12,0.1013676266652418,0.078438426895535,0.9670394027458956,0.9753694581280788,yolov8n_cls,balanced_ce,27182
13,0.0903455081011163,0.0695997712329299,0.9752065523848286,0.9770114942528736,yolov8n_cls,balanced_ce,27182
14,0.0740982586023625,0.0305583181994399,0.9927700941211072,0.9917898193760264,yolov8n_cls,balanced_ce,27182
15,0.0754723594234257,0.0579935714131456,0.9901590276257304,0.9885057471264368,yolov8n_cls,balanced_ce,27182
16,0.0778640726800543,0.0476067833272107,0.9853215659765866,0.986863711001642,yolov8n_cls,balanced_ce,27182
17,0.0567519394549916,0.0291820558702515,0.99159198673107,0.9901477832512317,yolov8n_cls,balanced_ce,27182
18,0.058375969290838,0.0483129904873069,0.9876160661922048,0.9852216748768472,yolov8n_cls,balanced_ce,27182
19,0.0435620650966604,0.0186384199493012,0.9943515340496968,0.9950738916256158,yolov8n_cls,balanced_ce,27182
20,0.0469777478333988,0.0318776278264135,0.988793044403034,0.986863711001642,yolov8n_cls,balanced_ce,27182
21,0.041074743398804,0.0349424046908515,0.9872758566776648,0.9852216748768472,yolov8n_cls,balanced_ce,27182
22,0.0456224240074572,0.0399220941763383,0.9884357003212006,0.986863711001642,yolov8n_cls,balanced_ce,27182
23,0.0445094362248278,0.0520202323369229,0.9842472277950282,0.9835796387520526,yolov8n_cls,balanced_ce,27182
24,0.0311821650579466,0.0296391893246276,0.9927513330626128,0.9917898193760264,yolov8n_cls,balanced_ce,27182
25,0.0301881681914933,0.0167619670742789,0.9942356444514716,0.993431855500821,yolov8n_cls,balanced_ce,27182
26,0.0353809854225214,0.0329793911780519,0.9912892461063124,0.9901477832512317,yolov8n_cls,balanced_ce,27182
27,0.0252216486780788,0.0344683621124607,0.9897840812188936,0.9885057471264368,yolov8n_cls,balanced_ce,27182
1,1.273321042999442,0.8829722130435637,0.6255173970414613,0.6436781609195402,yolov8n_cls,balanced_ce,31415
2,0.6111721642407046,0.4812670367691904,0.8229347879806267,0.8111658456486043,yolov8n_cls,balanced_ce,31415
3,0.411273025848325,0.3133222554704826,0.8978186851835922,0.8883415435139573,yolov8n_cls,balanced_ce,31415
4,0.3013056612496635,0.3556336665370047,0.8326445339318036,0.8456486042692939,yolov8n_cls,balanced_ce,31415
5,0.2603681671415146,0.3524937506379752,0.8857062383874541,0.8834154351395731,yolov8n_cls,balanced_ce,31415
6,0.2087396816754802,0.1548786990601441,0.9530335691840116,0.9458128078817734,yolov8n_cls,balanced_ce,31415
7,0.1658202497056163,0.1094927305878676,0.9730878106177676,0.9704433497536946,yolov8n_cls,balanced_ce,31415
8,0.1570544493690735,0.1239242555943664,0.9472209535988309,0.9540229885057472,yolov8n_cls,balanced_ce,31415
9,0.1243668119182486,0.3322569656721813,0.8829985509348168,0.8637110016420362,yolov8n_cls,balanced_ce,31415
10,0.1361461154592791,0.0537700256935285,0.9847921545257604,0.986863711001642,yolov8n_cls,balanced_ce,31415
11,0.1200104074719605,0.0491754233543508,0.9930851520986878,0.9917898193760264,yolov8n_cls,balanced_ce,31415
12,0.0826190684560313,0.0334672537526767,0.9929682024442776,0.993431855500821,yolov8n_cls,balanced_ce,31415
13,0.0716334699916609,0.0687088289119193,0.9794095753858408,0.9802955665024632,yolov8n_cls,balanced_ce,31415
14,0.0676678471817178,0.0328768389232606,0.9888905999559422,0.9885057471264368,yolov8n_cls,balanced_ce,31415
15,0.0716771396122519,0.02723216409038,0.995840250485084,0.9967159277504104,yolov8n_cls,balanced_ce,31415
16,0.0498315974827757,0.039521175756292,0.989008688822588,0.9917898193760264,yolov8n_cls,balanced_ce,31415
17,0.0567424535568024,0.0393003009577788,0.9886341246876456,0.986863711001642,yolov8n_cls,balanced_ce,31415
18,0.0632119605203137,0.0426063489334043,0.985188715286774,0.9901477832512317,yolov8n_cls,balanced_ce,31415
19,0.0404198040639055,0.0302911162810715,0.9915487406938968,0.9917898193760264,yolov8n_cls,balanced_ce,31415
20,0.0595852297472543,0.0207124667835524,0.993031622945613,0.993431855500821,yolov8n_cls,balanced_ce,31415
21,0.0461864402835209,0.0350133747699015,0.9929885342850086,0.9917898193760264,yolov8n_cls,balanced_ce,31415
22,0.0367024578877539,0.0193516562269596,0.993031622945613,0.993431855500821,yolov8n_cls,balanced_ce,31415
23,0.0298907482476089,0.0199148135673796,0.9957205176030116,0.9950738916256158,yolov8n_cls,balanced_ce,31415
1,1.258700394504728,1.0240803371705054,0.5554867495207388,0.548440065681445,yolov8n_cls,balanced_ce,42
2,0.5997261035316648,0.3513703965788404,0.8953362395177161,0.8850574712643678,yolov8n_cls,balanced_ce,42
3,0.3665577593503392,0.2359388552863022,0.9328090417022769,0.9392446633825944,yolov8n_cls,balanced_ce,42
4,0.2734032120771693,0.218033424249815,0.9306487634843847,0.9277504105090312,yolov8n_cls,balanced_ce,42
5,0.2446692053510141,0.1380935852555022,0.9489321596114448,0.9523809523809524,yolov8n_cls,balanced_ce,42
6,0.192422753101074,0.2821034841202749,0.9160890794500206,0.9047619047619048,yolov8n_cls,balanced_ce,42
7,0.1524410839868555,0.10029719702667,0.9608742482198434,0.9638752052545156,yolov8n_cls,balanced_ce,42
8,0.1496534821438244,0.0864425539291404,0.9827406085679546,0.9802955665024632,yolov8n_cls,balanced_ce,42
9,0.121376042305009,0.0672444283766503,0.9804369255244963,0.9786535303776684,yolov8n_cls,balanced_ce,42
10,0.1177305826652133,0.0510399506009858,0.9914685626427212,0.9901477832512317,yolov8n_cls,balanced_ce,42
11,0.0947681152810111,0.1020223635366593,0.959012907103428,0.9589490968801314,yolov8n_cls,balanced_ce,42
12,0.0781968068887982,0.0562457807288674,0.9843878289178524,0.9819376026272578,yolov8n_cls,balanced_ce,42
13,0.0738485511078095,0.0474524205651482,0.9839606283149736,0.9819376026272578,yolov8n_cls,balanced_ce,42
14,0.0759318238710215,0.0457329646070994,0.9886795403807894,0.9885057471264368,yolov8n_cls,balanced_ce,42
15,0.0627247087140232,0.0822970676503476,0.9776697522846954,0.9753694581280788,yolov8n_cls,balanced_ce,42
16,0.0452079615878147,0.0333603439250064,0.9886070470761202,0.986863711001642,yolov8n_cls,balanced_ce,42
17,0.0497179681014577,0.03230796040805,0.9927688521376156,0.9917898193760264,yolov8n_cls,balanced_ce,42
18,0.0444998152763541,0.0374851624140353,0.991444877974786,0.9901477832512317,yolov8n_cls,balanced_ce,42
19,0.0478576146641104,0.0203966854754927,0.9955555555555556,0.9950738916256158,yolov8n_cls,balanced_ce,42
20,0.0477725680652344,0.0223838486639883,0.9957205176030116,0.9950738916256158,yolov8n_cls,balanced_ce,42
21,0.03822003537478,0.0222759365936823,0.9955555555555556,0.9950738916256158,yolov8n_cls,balanced_ce,42
22,0.032496713340996,0.0210943096768484,0.9957205176030116,0.9950738916256158,yolov8n_cls,balanced_ce,42
23,0.0290771498104233,0.0143013725459441,0.9957297345925512,0.9950738916256158,yolov8n_cls,balanced_ce,42
24,0.0292299965029886,0.0113323581158772,0.9972111671748652,0.9967159277504104,yolov8n_cls,balanced_ce,42
25,0.0256207286670962,0.027859781864168,0.9940753724802804,0.993431855500821,yolov8n_cls,balanced_ce,42
26,0.0327698205136129,0.0170056002737559,0.9970363355780022,0.9967159277504104,yolov8n_cls,balanced_ce,42
27,0.0281814737052301,0.0169680078937526,0.9970363355780022,0.9967159277504104,yolov8n_cls,balanced_ce,42
28,0.0220544005749069,0.0206258301141447,0.9955555555555556,0.9950738916256158,yolov8n_cls,balanced_ce,42
29,0.024380376880337,0.0204176564275765,0.9955555555555556,0.9950738916256158,yolov8n_cls,balanced_ce,42
30,0.0239765070280574,0.0149168881957766,0.9970363355780022,0.9967159277504104,yolov8n_cls,balanced_ce,42
31,0.017337333537337,0.0185589427434287,0.9970363355780022,0.9967159277504104,yolov8n_cls,balanced_ce,42
32,0.0180096848896067,0.0212063965447283,0.9955555555555556,0.9950738916256158,yolov8n_cls,balanced_ce,42
1,0.5973181900324428,0.5794600945192409,0.1765075589073163,0.3251231527093596,yolov8n_cls,focal_loss,1337
2,0.590019872527969,0.5758738986572804,0.177342086597925,0.334975369458128,yolov8n_cls,focal_loss,1337
3,0.5811923130115851,0.5709308641297477,0.1883767993524091,0.3431855500821018,yolov8n_cls,focal_loss,1337
4,0.5728222403668771,0.5683995224963659,0.1902198825777162,0.3448275862068966,yolov8n_cls,focal_loss,1337
5,0.5669179101400929,0.564113316571184,0.2002908903453862,0.3563218390804598,yolov8n_cls,focal_loss,1337
6,0.5628127875981724,0.56063336662471,0.2002812184024267,0.3563218390804598,yolov8n_cls,focal_loss,1337
7,0.5604924198194212,0.5557812191974157,0.2264672483863256,0.3793103448275862,yolov8n_cls,focal_loss,1337
8,0.5571290349080399,0.5570875891715239,0.1896376757122453,0.3464696223316913,yolov8n_cls,focal_loss,1337
9,0.5527253484893557,0.5534945689202921,0.1988026840230665,0.354679802955665,yolov8n_cls,focal_loss,1337
10,0.5507459471850068,0.5522921372125498,0.2038271659670051,0.3579638752052545,yolov8n_cls,focal_loss,1337
11,0.549921050285413,0.5445909113523799,0.2408761488255396,0.3908045977011494,yolov8n_cls,focal_loss,1337
12,0.5470616697846062,0.549975242814407,0.1846061709726896,0.3431855500821018,yolov8n_cls,focal_loss,1337
13,0.5452029275349448,0.5410525283007003,0.2381324756059175,0.3924466338259442,yolov8n_cls,focal_loss,1337
14,0.5452606471435466,0.549097229792371,0.1848369254243754,0.3431855500821018,yolov8n_cls,focal_loss,1337
15,0.5430587986651121,0.5406638006075654,0.2246523538190205,0.3776683087027914,yolov8n_cls,focal_loss,1337
16,0.5422612607164835,0.5412665109329036,0.2092166258659305,0.3645320197044335,yolov8n_cls,focal_loss,1337
17,0.5400224641044027,0.539004000047549,0.2197633208408017,0.3743842364532019,yolov8n_cls,focal_loss,1337
18,0.5415154063219765,0.5399368737131504,0.2109365257513405,0.3661740558292282,yolov8n_cls,focal_loss,1337
19,0.5390805307507306,0.5351208015811463,0.2413916798003677,0.3940886699507389,yolov8n_cls,focal_loss,1337
20,0.5431130665676874,0.5400700404726225,0.2002812184024267,0.3563218390804598,yolov8n_cls,focal_loss,1337
21,0.5395914450261631,0.5331518911375788,0.2324620409693148,0.3858784893267651,yolov8n_cls,focal_loss,1337
22,0.5378616151575045,0.5246112265414596,0.2643938612620364,0.4170771756978653,yolov8n_cls,focal_loss,1337
23,0.5388408332591735,0.5358699967317002,0.2092166258659305,0.3645320197044335,yolov8n_cls,focal_loss,1337
24,0.5357756566498527,0.5368056041853768,0.2092166258659305,0.3645320197044335,yolov8n_cls,focal_loss,1337
25,0.539067667439868,0.5328849590274892,0.2246523538190205,0.3776683087027914,yolov8n_cls,focal_loss,1337
26,0.5378590107592631,0.5401234350768216,0.1901519091869399,0.348111658456486,yolov8n_cls,focal_loss,1337
27,0.5333565414580393,0.5319954511175797,0.234675132085133,0.3875205254515599,yolov8n_cls,focal_loss,1337
28,0.5364276035598795,0.5360564436818579,0.2105934725780986,0.3661740558292282,yolov8n_cls,focal_loss,1337
29,0.5386042450978592,0.5347505920430514,0.2100715322413435,0.3645320197044335,yolov8n_cls,focal_loss,1337
30,0.5388718738916259,0.5328086012689938,0.2217142477691736,0.3743842364532019,yolov8n_cls,focal_loss,1337
1,0.6408528339045747,0.6189302910724884,0.0500312781733546,0.1050903119868637,yolov8n_cls,focal_loss,2025
2,0.6356157090416692,0.6109026888712678,0.0562465977136635,0.1083743842364532,yolov8n_cls,focal_loss,2025
3,0.6206053159358422,0.5985020832670929,0.1007990712808866,0.1346469622331691,yolov8n_cls,focal_loss,2025
4,0.6118776450467235,0.6025290577282459,0.085015197568389,0.1247947454844006,yolov8n_cls,focal_loss,2025
5,0.6012513213291738,0.5905833563389645,0.1367418651838071,0.1592775041050903,yolov8n_cls,focal_loss,2025
6,0.5938308727762193,0.5852222834118873,0.1411585729571928,0.1625615763546798,yolov8n_cls,focal_loss,2025
7,0.5891471613270537,0.5861807578107211,0.1367975071487976,0.1592775041050903,yolov8n_cls,focal_loss,2025
8,0.5831143339614667,0.5788941397064034,0.1416073182676598,0.1625615763546798,yolov8n_cls,focal_loss,2025
9,0.5740289085150184,0.5666777211652796,0.1548562253685593,0.1724137931034483,yolov8n_cls,focal_loss,2025
10,0.570165331020087,0.5751178804876769,0.1395141964178676,0.160919540229885,yolov8n_cls,focal_loss,2025
11,0.5638128092712175,0.5563102248071254,0.1624857551253086,0.1789819376026272,yolov8n_cls,focal_loss,2025
12,0.5631260128557577,0.5606512309882441,0.1618383707789681,0.1756978653530377,yolov8n_cls,focal_loss,2025
13,0.5594250645495048,0.557893976104279,0.2112889609241939,0.2118226600985221,yolov8n_cls,focal_loss,2025
14,0.5555623172247137,0.5395707042737939,0.3284192109450683,0.3316912972085385,yolov8n_cls,focal_loss,2025
15,0.5506745041569004,0.5556659285462353,0.3337585008500003,0.3809523809523809,yolov8n_cls,focal_loss,2025
16,0.5490373646647314,0.5510833558973616,0.3731434176355427,0.4170771756978653,yolov8n_cls,focal_loss,2025
17,0.5502145840958258,0.537255512180391,0.3264649465786005,0.4072249589490969,yolov8n_cls,focal_loss,2025
18,0.5431906198784839,0.54074156176672,0.2900025019032143,0.3924466338259442,yolov8n_cls,focal_loss,2025
19,0.5405418846435412,0.5326433239507753,0.292116898650838,0.4022988505747126,yolov8n_cls,focal_loss,2025
20,0.5431741006973548,0.5234681221064675,0.3022460096889295,0.4105090311986863,yolov8n_cls,focal_loss,2025
21,0.5386836908194638,0.5337749627619149,0.2825765154187315,0.3990147783251231,yolov8n_cls,focal_loss,2025
22,0.5375169942374808,0.531208160671303,0.2845078524878747,0.4006568144499179,yolov8n_cls,focal_loss,2025
23,0.5364677627706779,0.5315919632003421,0.2746716451723414,0.3924466338259442,yolov8n_cls,focal_loss,2025
24,0.5378874642987242,0.5330141968719282,0.2744900986556355,0.3924466338259442,yolov8n_cls,focal_loss,2025
1,0.6004003018193169,0.5844806978855227,0.1451413004797958,0.2676518883415435,yolov8n_cls,focal_loss,27182
2,0.5922179384265088,0.5768146496296712,0.1678364030461442,0.2939244663382594,yolov8n_cls,focal_loss,27182
3,0.578551711348951,0.5695036095742914,0.2152296905876938,0.348111658456486,yolov8n_cls,focal_loss,27182
4,0.5673420980232252,0.5627295437509008,0.2605841651700566,0.4121510673234811,yolov8n_cls,focal_loss,27182
5,0.5583176931304127,0.557843429114431,0.270693359708059,0.4367816091954023,yolov8n_cls,focal_loss,27182
6,0.5538798837334913,0.5531951834024076,0.2758456337791589,0.4417077175697865,yolov8n_cls,focal_loss,27182
7,0.5450353115011393,0.5497451924729622,0.2866694264412276,0.444991789819376,yolov8n_cls,focal_loss,27182
8,0.5421222644447233,0.544406367346571,0.2865922783955571,0.4482758620689655,yolov8n_cls,focal_loss,27182
9,0.5377974637991934,0.5429016551360708,0.2904609253162363,0.4466338259441708,yolov8n_cls,focal_loss,27182
10,0.5352044886361107,0.5364881091810799,0.2924153613156367,0.4482758620689655,yolov8n_cls,focal_loss,27182
11,0.533982324516417,0.5352944192921587,0.2845861388953044,0.4334975369458128,yolov8n_cls,focal_loss,27182
12,0.5289484258276298,0.5331054989536016,0.300054331512132,0.4417077175697865,yolov8n_cls,focal_loss,27182
13,0.5287758233677105,0.5284664661230516,0.3308317336944926,0.4597701149425287,yolov8n_cls,focal_loss,27182
14,0.5266874462523234,0.5261671447205818,0.3717292800166608,0.4893267651888341,yolov8n_cls,focal_loss,27182
15,0.5271531323347444,0.52831178453364,0.3798987544139007,0.4860426929392447,yolov8n_cls,focal_loss,27182
16,0.5254277710755387,0.5243195478356335,0.4169044228010647,0.5287356321839081,yolov8n_cls,focal_loss,27182
17,0.5248958976281338,0.5248975973998384,0.4208074534161491,0.5303776683087028,yolov8n_cls,focal_loss,27182
18,0.521255720960654,0.5231867870575885,0.4170129945747726,0.5254515599343186,yolov8n_cls,focal_loss,27182
19,0.5212909951884633,0.5208796223591897,0.4418081122001752,0.5566502463054187,yolov8n_cls,focal_loss,27182
20,0.5200391455149189,0.5168600834061947,0.4646777568484843,0.5862068965517241,yolov8n_cls,focal_loss,27182
21,0.5188365051532672,0.5201896787276996,0.4498873873873874,0.5665024630541872,yolov8n_cls,focal_loss,27182
22,0.5193591634711817,0.5239080899258944,0.4594690417410743,0.5779967159277504,yolov8n_cls,focal_loss,27182
23,0.5155493070035911,0.5117346639507901,0.4564450062552529,0.5763546798029556,yolov8n_cls,focal_loss,27182
24,0.5209540292961107,0.5175315649638622,0.4682601624965873,0.5894909688013136,yolov8n_cls,focal_loss,27182
25,0.5195806471765146,0.5172833546335474,0.4498254623665808,0.5665024630541872,yolov8n_cls,focal_loss,27182
26,0.5194939727942428,0.5163928845343723,0.4636846213489769,0.5829228243021346,yolov8n_cls,focal_loss,27182
27,0.5190328805329301,0.5135260287959783,0.4550780577644669,0.5730706075533661,yolov8n_cls,focal_loss,27182
28,0.5182136732161778,0.5126777496831171,0.4657828696126568,0.5862068965517241,yolov8n_cls,focal_loss,27182
29,0.5184121779272552,0.5149700132692584,0.4649737087817582,0.5845648604269293,yolov8n_cls,focal_loss,27182
30,0.5190503726106117,0.5110149344885094,0.4666032597975172,0.5878489326765188,yolov8n_cls,focal_loss,27182
31,0.5146096119143213,0.5154267586217138,0.4679159007805639,0.5878489326765188,yolov8n_cls,focal_loss,27182
32,0.5176907237259072,0.5111148303071854,0.4678930366452997,0.5894909688013136,yolov8n_cls,focal_loss,27182
1,0.6036794466586859,0.5976550391154923,0.0519175933846592,0.1067323481116584,yolov8n_cls,focal_loss,31415
2,0.5990385070835978,0.5907497038982185,0.065266118687377,0.1149425287356321,yolov8n_cls,focal_loss,31415
3,0.593049628621455,0.5929247875910478,0.0881766418789593,0.1313628899835796,yolov8n_cls,focal_loss,31415
4,0.5858991411742092,0.5872673894384225,0.1653055028462998,0.2085385878489326,yolov8n_cls,focal_loss,31415
5,0.5809571604737079,0.5794443130884656,0.1975323670548359,0.2413793103448276,yolov8n_cls,focal_loss,31415
6,0.5754359034536592,0.5768611672868087,0.2076214479342632,0.2758620689655172,yolov8n_cls,focal_loss,31415
7,0.568536693601491,0.5718235340220196,0.2230626228024698,0.3185550082101806,yolov8n_cls,focal_loss,31415
8,0.56405199606934,0.570834536466301,0.1989664327289028,0.3169129720853859,yolov8n_cls,focal_loss,31415
9,0.5628465534932584,0.568872751860783,0.1951084536225668,0.3234811165845648,yolov8n_cls,focal_loss,31415
10,0.559803158579057,0.5639594787447323,0.2016312712603157,0.3366174055829228,yolov8n_cls,focal_loss,31415
11,0.5535303497565861,0.5588756396461199,0.2185854445395175,0.3596059113300492,yolov8n_cls,focal_loss,31415
12,0.5527331502031149,0.561147864620478,0.1925037104941505,0.3464696223316913,yolov8n_cls,focal_loss,31415
13,0.5523680435123678,0.5552503088816437,0.207664478162075,0.3596059113300492,yolov8n_cls,focal_loss,31415
14,0.5487896907727622,0.5530678635747562,0.221436642946584,0.3727422003284072,yolov8n_cls,focal_loss,31415
15,0.5485252768167922,0.5492986417169055,0.2287014793273485,0.3809523809523809,yolov8n_cls,focal_loss,31415
16,0.5443391988797012,0.5555745287873279,0.193092866756393,0.348111658456486,yolov8n_cls,focal_loss,31415
17,0.5462301575655677,0.5510003963127512,0.2001811594202898,0.3530377668308703,yolov8n_cls,focal_loss,31415
18,0.542763403325173,0.5447295695690099,0.2317262839214207,0.3825944170771757,yolov8n_cls,focal_loss,31415
19,0.5408070368381293,0.5467549495900598,0.2001811594202898,0.3530377668308703,yolov8n_cls,focal_loss,31415
20,0.5383955026762347,0.5456340947174674,0.2104281350651654,0.361247947454844,yolov8n_cls,focal_loss,31415
21,0.5416203125918477,0.5467818047612759,0.1982762289848904,0.3530377668308703,yolov8n_cls,focal_loss,31415
22,0.5398689622828746,0.5451954634514544,0.2027984917425008,0.3563218390804598,yolov8n_cls,focal_loss,31415
23,0.5337401736809206,0.5415514339562904,0.2255210263706207,0.3760262725779967,yolov8n_cls,focal_loss,31415
24,0.5350779470534233,0.5439143244464605,0.2051169277245925,0.3579638752052545,yolov8n_cls,focal_loss,31415
25,0.5384514976260113,0.5432022063211462,0.2069509385903201,0.3579638752052545,yolov8n_cls,focal_loss,31415
26,0.5330518419587549,0.5401743589755154,0.2157689912826899,0.3694581280788177,yolov8n_cls,focal_loss,31415
1,0.6455090541202699,0.6241103862893993,0.0897213855421686,0.1921182266009852,yolov8n_cls,focal_loss,42
2,0.6271844300528193,0.6096620756417073,0.0951932587689264,0.2068965517241379,yolov8n_cls,focal_loss,42
3,0.604519751578936,0.5952490125775142,0.0995547514159849,0.2134646962233169,yolov8n_cls,focal_loss,42
4,0.586903965473175,0.5822658154177548,0.1129002214668113,0.2479474548440065,yolov8n_cls,focal_loss,42
5,0.5727029625895991,0.5712427922657558,0.1757238823605902,0.2939244663382594,yolov8n_cls,focal_loss,42
6,0.56463341252037,0.5611762728401397,0.2226893857822406,0.3284072249589491,yolov8n_cls,focal_loss,42
7,0.5559206865793372,0.5588677218199167,0.3330801408011333,0.4072249589490969,yolov8n_cls,focal_loss,42
8,0.5508511974857645,0.5541728997269679,0.3065090310691835,0.4614121510673235,yolov8n_cls,focal_loss,42
9,0.54557636848443,0.5497507499943813,0.3014789697482005,0.4761904761904761,yolov8n_cls,focal_loss,42
10,0.5430566172608172,0.5435282629111717,0.3015557726025732,0.4761904761904761,yolov8n_cls,focal_loss,42
11,0.5378623932547645,0.5335482370677253,0.3204167140311887,0.4860426929392447,yolov8n_cls,focal_loss,42
12,0.5350590819424191,0.5320528058582926,0.3055510062372334,0.4745484400656814,yolov8n_cls,focal_loss,42
13,0.5309686655424182,0.5312459663608783,0.2893185865630923,0.4597701149425287,yolov8n_cls,focal_loss,42
14,0.5293571524544634,0.5335103107986388,0.2722295377365029,0.444991789819376,yolov8n_cls,focal_loss,42
15,0.5274238975479649,0.5225373828548124,0.2862179337207646,0.4597701149425287,yolov8n_cls,focal_loss,42
1,1.2806180577286517,0.93399871433114,0.5383602117623737,0.6945812807881774,yolov8n_cls,standard_ce,1337
2,0.6199843611993773,0.3882841885774985,0.8653202916216413,0.8538587848932676,yolov8n_cls,standard_ce,1337
3,0.398059805960563,0.4247806826835782,0.8659053049680658,0.8456486042692939,yolov8n_cls,standard_ce,1337
4,0.3107014550789798,0.3210311835916171,0.8785754633609861,0.8752052545155994,yolov8n_cls,standard_ce,1337
5,0.2566010168990896,0.2465504735757173,0.9038941945413892,0.8998357963875205,yolov8n_cls,standard_ce,1337
6,0.2103253553066605,0.179673028501188,0.9335110210824652,0.9310344827586208,yolov8n_cls,standard_ce,1337
7,0.1599890302794679,0.1422979249886569,0.9510626890924624,0.9458128078817734,yolov8n_cls,standard_ce,1337
8,0.1633252970861215,0.4993591433871164,0.7535381452868803,0.7832512315270936,yolov8n_cls,standard_ce,1337
9,0.1420150579436173,0.0961501777832731,0.9713607805805292,0.9688013136289,yolov8n_cls,standard_ce,1337
10,0.1045309474393856,0.0452256915549486,0.9870412322231964,0.986863711001642,yolov8n_cls,standard_ce,1337
11,0.1151193932183283,0.0425795515439486,0.9905049990267382,0.9901477832512317,yolov8n_cls,standard_ce,1337
12,0.0950520983060759,0.0456232253143989,0.9887082769256184,0.9885057471264368,yolov8n_cls,standard_ce,1337
13,0.1097508113837828,0.0588887415150385,0.9818864865058669,0.9802955665024632,yolov8n_cls,standard_ce,1337
14,0.0741813478500358,0.0354667936148938,0.9886982038535912,0.9885057471264368,yolov8n_cls,standard_ce,1337
15,0.0679409671175459,0.0256164875034432,0.9925957081394636,0.9917898193760264,yolov8n_cls,standard_ce,1337
16,0.0724235657857884,0.05544076906823,0.9805177836044878,0.9786535303776684,yolov8n_cls,standard_ce,1337
17,0.0551191590687093,0.0573714149550784,0.983852866423009,0.9819376026272578,yolov8n_cls,standard_ce,1337
18,0.0570796046772667,0.0338242458824178,0.9830253103113514,0.9819376026272578,yolov8n_cls,standard_ce,1337
19,0.0458913072210414,0.0288410013003851,0.9913202271734382,0.9917898193760264,yolov8n_cls,standard_ce,1337
20,0.0460043833360259,0.0287229008697377,0.9958930818063944,0.9950738916256158,yolov8n_cls,standard_ce,1337
21,0.0375233805474869,0.0382994414713961,0.9888321943761856,0.9885057471264368,yolov8n_cls,standard_ce,1337
22,0.0382996684267645,0.0377082022515619,0.9886070470761202,0.986863711001642,yolov8n_cls,standard_ce,1337
23,0.0346381338087347,0.0189341245905751,0.9972060312628028,0.9967159277504104,yolov8n_cls,standard_ce,1337
24,0.0288703419857368,0.035008814315463,0.985856506313832,0.9852216748768472,yolov8n_cls,standard_ce,1337
25,0.0225438533694547,0.0188399878056599,0.9932041871489958,0.993431855500821,yolov8n_cls,standard_ce,1337
26,0.0329518616572677,0.017990792370883,0.9957205176030116,0.9950738916256158,yolov8n_cls,standard_ce,1337
27,0.0208690462620873,0.0238883773006203,0.9927513330626128,0.9917898193760264,yolov8n_cls,standard_ce,1337
28,0.0282232419520564,0.0129754608973963,0.9972060312628028,0.9967159277504104,yolov8n_cls,standard_ce,1337
29,0.025495478684518,0.0232406487006561,0.9927513330626128,0.9917898193760264,yolov8n_cls,standard_ce,1337
30,0.0328910780503448,0.0214359549566,0.9927513330626128,0.9917898193760264,yolov8n_cls,standard_ce,1337
31,0.0186950637764168,0.0150438657197535,0.9972060312628028,0.9967159277504104,yolov8n_cls,standard_ce,1337
32,0.0252144350488596,0.0265137146749688,0.9912675048193018,0.9901477832512317,yolov8n_cls,standard_ce,1337
33,0.0268263356926276,0.0185146192210108,0.9942356444514716,0.993431855500821,yolov8n_cls,standard_ce,1337
34,0.0214381502504231,0.0187041283318847,0.9942356444514716,0.993431855500821,yolov8n_cls,standard_ce,1337
1,1.2495306635573376,1.0215622329555318,0.5365114351488687,0.6617405582922824,yolov8n_cls,standard_ce,2025
2,0.6866115278016075,0.3784132322850094,0.8577924772691048,0.8522167487684729,yolov8n_cls,standard_ce,2025
3,0.4160714165397604,0.2814077224906638,0.923114906832298,0.9129720853858784,yolov8n_cls,standard_ce,2025
4,0.2939835075230087,0.8723498161986152,0.7508947314767529,0.7307060755336617,yolov8n_cls,standard_ce,2025
5,0.2540946922685643,0.1495955754285571,0.961221708310452,0.955665024630542,yolov8n_cls,standard_ce,2025
6,0.2066268548801515,0.1830240191252556,0.9291960013162022,0.9392446633825944,yolov8n_cls,standard_ce,2025
7,0.1726039104412436,0.0772455890826599,0.9802538349118438,0.9786535303776684,yolov8n_cls,standard_ce,2025
8,0.1346841796872538,0.0868403272969382,0.9626783344392834,0.9688013136289,yolov8n_cls,standard_ce,2025
9,0.1299422528313207,0.0585156520966238,0.983608086101331,0.9802955665024632,yolov8n_cls,standard_ce,2025
10,0.1093836503204855,0.0533306855992804,0.974646101250933,0.9786535303776684,yolov8n_cls,standard_ce,2025
11,0.0982874754888311,0.0497634194069503,0.9905362138068484,0.9885057471264368,yolov8n_cls,standard_ce,2025
12,0.0980468221100436,0.0613589074802149,0.97855884295341,0.9770114942528736,yolov8n_cls,standard_ce,2025
13,0.0800520069085336,0.0534697023368699,0.9886070470761202,0.986863711001642,yolov8n_cls,standard_ce,2025
14,0.0847844987348219,0.0301930303815354,0.9894505494505494,0.993431855500821,yolov8n_cls,standard_ce,2025
15,0.0618928673227034,0.0361638839088215,0.9872362692151212,0.986863711001642,yolov8n_cls,standard_ce,2025
16,0.0676876670852801,0.0611307073402874,0.979504375987327,0.9835796387520526,yolov8n_cls,standard_ce,2025
17,0.0588586199981191,0.0246736953334733,0.993031622945613,0.993431855500821,yolov8n_cls,standard_ce,2025
18,0.042925509925349,0.0298609576694214,0.9911164844407064,0.9901477832512317,yolov8n_cls,standard_ce,2025
19,0.049222611641161,0.0263331141276973,0.9943515340496968,0.9950738916256158,yolov8n_cls,standard_ce,2025
20,0.0348735668609714,0.0289060705164003,0.9928734494033574,0.9917898193760264,yolov8n_cls,standard_ce,2025
21,0.0319551052234294,0.0259843786813476,0.9915426214804892,0.9917898193760264,yolov8n_cls,standard_ce,2025
22,0.0444956954850149,0.0275630744507502,0.9905419220520292,0.9917898193760264,yolov8n_cls,standard_ce,2025
23,0.0470336557207187,0.0207633862229085,0.9917104520465276,0.9917898193760264,yolov8n_cls,standard_ce,2025
24,0.0295071434894141,0.0220865187593024,0.9931830040551984,0.9950738916256158,yolov8n_cls,standard_ce,2025
25,0.0331092387261049,0.0268402119088391,0.989898521265987,0.9901477832512317,yolov8n_cls,standard_ce,2025
26,0.0294749633125921,0.0203792374970678,0.9943515340496968,0.9950738916256158,yolov8n_cls,standard_ce,2025
27,0.0308123409692427,0.0274990666925307,0.9884150976655788,0.9885057471264368,yolov8n_cls,standard_ce,2025
28,0.0285824231299291,0.0200701706418813,0.9928666608981568,0.993431855500821,yolov8n_cls,standard_ce,2025
29,0.0242860205916717,0.0319944255104462,0.9870784581267824,0.986863711001642,yolov8n_cls,standard_ce,2025
30,0.0249961537893318,0.0193148182291378,0.995837047709488,0.9967159277504104,yolov8n_cls,standard_ce,2025
31,0.0211901394852481,0.0126157387806643,0.9973232807655416,0.9983579638752051,yolov8n_cls,standard_ce,2025
32,0.0271211852887498,0.0098819419854796,0.9985177908945,0.9983579638752051,yolov8n_cls,standard_ce,2025
33,0.0256708560711155,0.0163593150377854,0.995837047709488,0.9967159277504104,yolov8n_cls,standard_ce,2025
34,0.0255406657224594,0.0252081817170843,0.9884150976655788,0.9885057471264368,yolov8n_cls,standard_ce,2025
1,1.2194105597916722,0.7140612212699426,0.6097365513894171,0.7651888341543513,yolov8n_cls,standard_ce,27182
2,0.5679212324334364,0.3125751938530181,0.898781818663637,0.8981937602627258,yolov8n_cls,standard_ce,27182
3,0.373163334153239,0.3117030157152508,0.8755584041710591,0.8801313628899836,yolov8n_cls,standard_ce,27182
4,0.279972862076466,0.2394400114692099,0.9090309227809228,0.9146141215106732,yolov8n_cls,standard_ce,27182
5,0.2191195872211288,0.3082175038522491,0.8985285682059876,0.90311986863711,yolov8n_cls,standard_ce,27182
6,0.1868815119739995,0.1402136870340271,0.9579530893191888,0.9523809523809524,yolov8n_cls,standard_ce,27182
7,0.1664572188692897,0.1475242728914924,0.944718996441944,0.9458128078817734,yolov8n_cls,standard_ce,27182
8,0.1628580383367195,0.094072005401055,0.9696490646605224,0.9638752052545156,yolov8n_cls,standard_ce,27182
9,0.1356495033196699,0.0788702702483128,0.970453657955546,0.973727422003284,yolov8n_cls,standard_ce,27182
10,0.1100491714514857,0.0522664567740092,0.987365517549382,0.986863711001642,yolov8n_cls,standard_ce,27182
11,0.1149632163227966,0.050636651248278,0.9836201327954976,0.986863711001642,yolov8n_cls,standard_ce,27182
12,0.1224128227831504,0.0402184729273194,0.9942489889628444,0.993431855500821,yolov8n_cls,standard_ce,27182
13,0.0944094566566139,0.045758471082535,0.9911164844407064,0.9901477832512317,yolov8n_cls,standard_ce,27182
14,0.0722196653806105,0.0466350924792548,0.9883215300740292,0.986863711001642,yolov8n_cls,standard_ce,27182
15,0.0635655132834333,0.0365280875980499,0.9902856365471356,0.9885057471264368,yolov8n_cls,standard_ce,27182
16,0.0601240092767353,0.031251931397859,0.9912675048193018,0.9901477832512317,yolov8n_cls,standard_ce,27182
17,0.0577688492435196,0.0556628472029884,0.9841698182955612,0.9819376026272578,yolov8n_cls,standard_ce,27182
18,0.0529042011610132,0.0221639778984982,0.992929131054131,0.9917898193760264,yolov8n_cls,standard_ce,27182
19,0.0383435310455454,0.0206524351805185,0.9925957081394636,0.9917898193760264,yolov8n_cls,standard_ce,27182
20,0.0596059466078746,0.0206970836728664,0.9960115211338444,0.9967159277504104,yolov8n_cls,standard_ce,27182
21,0.040775535184962,0.0181871347040647,0.9986933650093331,0.9983579638752051,yolov8n_cls,standard_ce,27182
22,0.0389019201859923,0.0178783614882719,0.9971394692878006,0.9967159277504104,yolov8n_cls,standard_ce,27182
23,0.0408327088692112,0.0165972374406397,0.9955555555555556,0.9950738916256158,yolov8n_cls,standard_ce,27182
24,0.0324903674183907,0.0175206325701644,0.993031622945613,0.993431855500821,yolov8n_cls,standard_ce,27182
25,0.0362394519520167,0.0194523807623452,0.9957205176030116,0.9950738916256158,yolov8n_cls,standard_ce,27182
26,0.0262552721037976,0.0180649383976896,0.9942356444514716,0.993431855500821,yolov8n_cls,standard_ce,27182
27,0.0338907316569337,0.042869629739529,0.9869629396845911,0.9852216748768472,yolov8n_cls,standard_ce,27182
28,0.0374671068527,0.0215121493378519,0.9972060312628028,0.9967159277504104,yolov8n_cls,standard_ce,27182
29,0.0272742183646596,0.0354829392194146,0.9897840812188936,0.9885057471264368,yolov8n_cls,standard_ce,27182
1,1.2321083493727163,0.900385319990869,0.4723831861662987,0.6223316912972086,yolov8n_cls,standard_ce,31415
2,0.6517421117985395,0.4446689747824457,0.8388379635244023,0.825944170771757,yolov8n_cls,standard_ce,31415
3,0.4501371210404984,0.3176590357777129,0.8990900722926107,0.8883415435139573,yolov8n_cls,standard_ce,31415
4,0.3430953275445056,0.2966570419141616,0.876565197325277,0.8817733990147784,yolov8n_cls,standard_ce,31415
5,0.2765568017435828,0.1821477127266047,0.9412083481111944,0.9458128078817734,yolov8n_cls,standard_ce,31415
6,0.2229398254141447,0.1705425071586626,0.951333889352238,0.947454844006568,yolov8n_cls,standard_ce,31415
7,0.1920621684649288,0.2301775082633853,0.9155485575219602,0.909688013136289,yolov8n_cls,standard_ce,31415
8,0.1679979539202994,0.1659852915148331,0.9450694491740478,0.9507389162561576,yolov8n_cls,standard_ce,31415
9,0.1154640919556726,0.0624517082727601,0.9801033268458862,0.9786535303776684,yolov8n_cls,standard_ce,31415
10,0.1343898062389638,0.0787268376225614,0.9697816054092312,0.9688013136289,yolov8n_cls,standard_ce,31415
11,0.1034017242753128,0.1344686768251687,0.9551984938769464,0.9523809523809524,yolov8n_cls,standard_ce,31415
12,0.0976781704697122,0.2007947827219865,0.9228341066303456,0.9392446633825944,yolov8n_cls,standard_ce,31415
13,0.0844535547277525,0.0494090020977731,0.9860303631856658,0.9885057471264368,yolov8n_cls,standard_ce,31415
14,0.0694804761971237,0.0420739755932125,0.9902105150145978,0.9917898193760264,yolov8n_cls,standard_ce,31415
15,0.0593867909706644,0.0523789785618852,0.986412044686346,0.9852216748768472,yolov8n_cls,standard_ce,31415
16,0.0685629766532637,0.0602465523483326,0.985591087612694,0.9852216748768472,yolov8n_cls,standard_ce,31415
17,0.0532536837273982,0.0440092424111121,0.9847177792379488,0.986863711001642,yolov8n_cls,standard_ce,31415
18,0.0583417078778016,0.0286621540495804,0.9900598416404984,0.9901477832512317,yolov8n_cls,standard_ce,31415
19,0.040702951951558,0.039142531568371,0.9848833661809204,0.9852216748768472,yolov8n_cls,standard_ce,31415
20,0.042152272460095,0.0340116135256092,0.9887159205098373,0.9901477832512317,yolov8n_cls,standard_ce,31415
21,0.0389080687571703,0.0260239500561591,0.9875976611973514,0.9901477832512317,yolov8n_cls,standard_ce,31415
22,0.0346963597763565,0.0236725120825084,0.9918630929511144,0.993431855500821,yolov8n_cls,standard_ce,31415
23,0.0298004735131896,0.0271461684515237,0.9889052118576276,0.9885057471264368,yolov8n_cls,standard_ce,31415
24,0.0339670751558089,0.0305207873853642,0.9902172866789096,0.9901477832512317,yolov8n_cls,standard_ce,31415
25,0.0348592852409241,0.0177588439898256,0.993031622945613,0.993431855500821,yolov8n_cls,standard_ce,31415
26,0.0296301538442214,0.0212861262583013,0.993031622945613,0.993431855500821,yolov8n_cls,standard_ce,31415
27,0.0267235298380779,0.0208227328530991,0.993031622945613,0.993431855500821,yolov8n_cls,standard_ce,31415
28,0.0284458819920809,0.0196016086827449,0.993031622945613,0.993431855500821,yolov8n_cls,standard_ce,31415
29,0.0204923078371948,0.0227777986693209,0.993031622945613,0.993431855500821,yolov8n_cls,standard_ce,31415
30,0.0299296761366992,0.0255304912792607,0.9875466577777976,0.9885057471264368,yolov8n_cls,standard_ce,31415
31,0.0270697514518362,0.0129287665597452,0.9972060312628028,0.9967159277504104,yolov8n_cls,standard_ce,31415
32,0.024212806293109,0.0217821084101315,0.9928666608981568,0.993431855500821,yolov8n_cls,standard_ce,31415
33,0.0228683011884586,0.0181421691839306,0.9918630929511144,0.993431855500821,yolov8n_cls,standard_ce,31415
34,0.0185317625254688,0.0179230848817408,0.993031622945613,0.993431855500821,yolov8n_cls,standard_ce,31415
1,1.1918234314776053,0.6683608645876052,0.5833502259440333,0.7372742200328407,yolov8n_cls,standard_ce,42
2,0.5324466596483556,0.3282381924502368,0.8751198860818378,0.8620689655172413,yolov8n_cls,standard_ce,42
3,0.365567724566468,0.2725167299922072,0.9073603138035417,0.9113300492610836,yolov8n_cls,standard_ce,42
4,0.2998654874221721,0.1799879478923793,0.9369053248513218,0.9441707717569786,yolov8n_cls,standard_ce,42
5,0.2229955177629769,0.3082732526931073,0.8879347506464793,0.8620689655172413,yolov8n_cls,standard_ce,42
6,0.1954026349609053,0.1805252309013861,0.9350132518620784,0.942528735632184,yolov8n_cls,standard_ce,42
7,0.1609452675589358,0.0881768981566765,0.9865289563975008,0.9852216748768472,yolov8n_cls,standard_ce,42
8,0.1458748511734348,0.089043929952706,0.9771324565223768,0.9753694581280788,yolov8n_cls,standard_ce,42
9,0.1180321056520163,0.0626649375032321,0.9821370698572082,0.9852216748768472,yolov8n_cls,standard_ce,42
10,0.1092097940764705,0.0465931831102065,0.9874322294445408,0.986863711001642,yolov8n_cls,standard_ce,42
11,0.1189030727885519,0.0527118556629652,0.981113025290554,0.9852216748768472,yolov8n_cls,standard_ce,42
12,0.1089441409285437,0.0649142463160877,0.9805409584654734,0.9786535303776684,yolov8n_cls,standard_ce,42
13,0.0895176566354865,0.0442411035057677,0.989633991395249,0.9885057471264368,yolov8n_cls,standard_ce,42
14,0.0740780874982031,0.0614803493243132,0.9836955270757484,0.9835796387520526,yolov8n_cls,standard_ce,42
15,0.0687067067461752,0.03299972455343,0.985874262896657,0.986863711001642,yolov8n_cls,standard_ce,42
16,0.0636797793203005,0.0248078546480677,0.9957205176030116,0.9950738916256158,yolov8n_cls,standard_ce,42
17,0.0729057131750879,0.0397711017024542,0.991444877974786,0.9901477832512317,yolov8n_cls,standard_ce,42
18,0.051802528363461,0.0271954652054269,0.9957205176030116,0.9950738916256158,yolov8n_cls,standard_ce,42
19,0.0500314802226,0.0252438815588159,0.9955555555555556,0.9950738916256158,yolov8n_cls,standard_ce,42
20,0.0554892478232486,0.0369424685957797,0.9881590471185846,0.986863711001642,yolov8n_cls,standard_ce,42
21,0.0414266631845221,0.030000659741621,0.9940753724802804,0.993431855500821,yolov8n_cls,standard_ce,42
22,0.0347102506835871,0.0335491837511725,0.9940753724802804,0.993431855500821,yolov8n_cls,standard_ce,42
23,0.0387018748531232,0.0275139748855732,0.9955555555555556,0.9950738916256158,yolov8n_cls,standard_ce,42
24,0.0282087532832878,0.0231757936469693,0.9955555555555556,0.9950738916256158,yolov8n_cls,standard_ce,42
